provider,model_name,quantity_id,run_index,prompt_version,parsed_ok,point_estimate,interpretation,lower_bound,upper_bound,confidence_level,citations,reasoning_summary,error,raw_response,prompt
claude_cli,sonnet,labor_supply.frisch_elasticity.prime_age,1,v1,True,0.5,,0.2,1.5,0.9,,"**Summary:**

- **Point estimate:** 0.5
- **90% CI:** [0.2, 1.5]
- **Interpretation:** Intensive-margin Frisch elasticity for prime-age workers, calibrated for a lifecycle/OLG model.

**Key reasoning:**
- Raw micro estimates (MaCurdy 1981, Altonji 1986) are 0.1–0.4 for men.
- Chetty (2012), correcting for optimization frictions, converges near **0.54** — a widely-cited reconciled micro estimate.
- Peterman (2016) argues 0.5–0.75 is consistent with both micro and lifecycle evidence.
- Macro/RBC models (Keane & Rogerson 2012) need 2–4 to match business-cycle volatility, but this is hard to reconcile with individual data — I weight the lifecycle/micro evidence more heavily.
- The upper tail of the CI reflects genuine disagreement between micro and macro identification strategies.",,"**Summary:**

- **Point estimate:** 0.5
- **90% CI:** [0.2, 1.5]
- **Interpretation:** Intensive-margin Frisch elasticity for prime-age workers, calibrated for a lifecycle/OLG model.

**Key reasoning:**
- Raw micro estimates (MaCurdy 1981, Altonji 1986) are 0.1–0.4 for men.
- Chetty (2012), correcting for optimization frictions, converges near **0.54** — a widely-cited reconciled micro estimate.
- Peterman (2016) argues 0.5–0.75 is consistent with both micro and lifecycle evidence.
- Macro/RBC models (Keane & Rogerson 2012) need 2–4 to match business-cycle volatility, but this is hard to reconcile with individual data — I weight the lifecycle/micro evidence more heavily.
- The upper tail of the CI reflects genuine disagreement between micro and macro identification strategies.","You are a careful empirical economist.

Quantity of interest:
- ID: labor_supply.frisch_elasticity.prime_age
- Name: Frisch elasticity of labor supply
- Description: Percent change in hours worked from a 1 percent change in the net-of-tax wage, holding the marginal utility of wealth constant.
- Population/context: Prime-age workers in the United States
- Units: elasticity
- Preferred interpretation: Lifecycle or macro-calibration Frisch elasticity for hours worked
- Plausible support: [0.0, 10.0]
- Benchmark note: A standard calibrated labor-supply parameter in OG-USA and OG-Core style models.

Task:
1. Use the most standard interpretation in applied economics.
2. If the quantity is ambiguous, choose one interpretation and say exactly what you chose.
3. Give your own best central estimate.
4. Give a central 90% uncertainty interval.
5. Give 2 to 4 literature anchors or model-documentation anchors.
6. Keep the explanation brief and substantive.

Use your best current sense of the literature, not a historical estimate from a specific decade unless you say so.

Return valid JSON only. Use numbers, not strings, for numeric fields.
{
  ""interpretation"": ""short string"",
  ""point_estimate"": 0.0,
  ""reasoning_summary"": ""short string"",
  ""lower_bound"": 0.0,
  ""upper_bound"": 0.0,
  ""confidence_level"": 0.9,
  ""citations"": [
    ""Author (Year)"",
    ""Author (Year)""
  ]
}"
claude_cli,sonnet,labor_supply.frisch_elasticity.prime_age,2,v1,True,0.75,,0.3,1.5,0.9,,"**Summary:**

- **Interpretation:** Intensive-margin Frisch elasticity for hours worked in lifecycle/OG-style models, holding marginal utility of wealth constant.
- **Point estimate:** 0.75
- **90% interval:** [0.30, 1.50]

The key tension in this literature is between micro reduced-form estimates (~0.1–0.5 for prime-age men) and macro-calibrated values (0.75–2.0) needed to match aggregate hours variation. For OG-USA/OG-Core purposes, the lifecycle structural literature (Imai and Keane 2004) and Chetty's reconciliation work support values in the 0.5–1.0 range. Prescott's higher calibration (~2.0) is an outlier that most empiricists find too large given the micro evidence.",,"**Summary:**

- **Interpretation:** Intensive-margin Frisch elasticity for hours worked in lifecycle/OG-style models, holding marginal utility of wealth constant.
- **Point estimate:** 0.75
- **90% interval:** [0.30, 1.50]

The key tension in this literature is between micro reduced-form estimates (~0.1–0.5 for prime-age men) and macro-calibrated values (0.75–2.0) needed to match aggregate hours variation. For OG-USA/OG-Core purposes, the lifecycle structural literature (Imai and Keane 2004) and Chetty's reconciliation work support values in the 0.5–1.0 range. Prescott's higher calibration (~2.0) is an outlier that most empiricists find too large given the micro evidence.","You are a careful empirical economist.

Quantity of interest:
- ID: labor_supply.frisch_elasticity.prime_age
- Name: Frisch elasticity of labor supply
- Description: Percent change in hours worked from a 1 percent change in the net-of-tax wage, holding the marginal utility of wealth constant.
- Population/context: Prime-age workers in the United States
- Units: elasticity
- Preferred interpretation: Lifecycle or macro-calibration Frisch elasticity for hours worked
- Plausible support: [0.0, 10.0]
- Benchmark note: A standard calibrated labor-supply parameter in OG-USA and OG-Core style models.

Task:
1. Use the most standard interpretation in applied economics.
2. If the quantity is ambiguous, choose one interpretation and say exactly what you chose.
3. Give your own best central estimate.
4. Give a central 90% uncertainty interval.
5. Give 2 to 4 literature anchors or model-documentation anchors.
6. Keep the explanation brief and substantive.

Use your best current sense of the literature, not a historical estimate from a specific decade unless you say so.

Return valid JSON only. Use numbers, not strings, for numeric fields.
{
  ""interpretation"": ""short string"",
  ""point_estimate"": 0.0,
  ""reasoning_summary"": ""short string"",
  ""lower_bound"": 0.0,
  ""upper_bound"": 0.0,
  ""confidence_level"": 0.9,
  ""citations"": [
    ""Author (Year)"",
    ""Author (Year)""
  ]
}"
claude_cli,sonnet,household.relative_risk_aversion.crra,1,v1,True,2.0,,0.5,8.0,0.9,,"**CRRA coefficient (σ) — summary**

- **Interpretation**: Standard single-parameter CRRA, U(c) = c^(1−σ)/(1−σ), with EIS = 1/σ. This conflates risk aversion and intertemporal substitution, as is conventional in OLG calibrations.
- **Point estimate**: **2.0**
- **90% interval**: [0.5, 8.0]

**Reasoning**: The literature is genuinely dispersed:
- Micro/labor methods (Chetty 2006) favor σ ≈ 0.7–1.
- DSGE estimation (Smets & Wouters 2007) yields σ ≈ 1.4.
- OLG benchmarks (Auerbach & Kotlikoff 1987) use σ = 4.
- Asset-pricing exercises often require σ > 5 to match equity premia without Epstein-Zin.

σ = 2 sits at the center of macro-calibration practice and is the single most common value in applied work. The wide interval reflects genuine disagreement across methods and contexts.",,"**CRRA coefficient (σ) — summary**

- **Interpretation**: Standard single-parameter CRRA, U(c) = c^(1−σ)/(1−σ), with EIS = 1/σ. This conflates risk aversion and intertemporal substitution, as is conventional in OLG calibrations.
- **Point estimate**: **2.0**
- **90% interval**: [0.5, 8.0]

**Reasoning**: The literature is genuinely dispersed:
- Micro/labor methods (Chetty 2006) favor σ ≈ 0.7–1.
- DSGE estimation (Smets & Wouters 2007) yields σ ≈ 1.4.
- OLG benchmarks (Auerbach & Kotlikoff 1987) use σ = 4.
- Asset-pricing exercises often require σ > 5 to match equity premia without Epstein-Zin.

σ = 2 sits at the center of macro-calibration practice and is the single most common value in applied work. The wide interval reflects genuine disagreement across methods and contexts.","You are a careful empirical economist.

Quantity of interest:
- ID: household.relative_risk_aversion.crra
- Name: Coefficient of relative risk aversion
- Description: CRRA coefficient in household utility over consumption.
- Population/context: Representative household or calibrated household block
- Units: coefficient
- Preferred interpretation: CRRA coefficient, often denoted sigma
- Plausible support: [0.0, 50.0]
- Benchmark note: A core household-preference parameter used in overlapping-generations models.

Task:
1. Use the most standard interpretation in applied economics.
2. If the quantity is ambiguous, choose one interpretation and say exactly what you chose.
3. Give your own best central estimate.
4. Give a central 90% uncertainty interval.
5. Give 2 to 4 literature anchors or model-documentation anchors.
6. Keep the explanation brief and substantive.

Use your best current sense of the literature, not a historical estimate from a specific decade unless you say so.

Return valid JSON only. Use numbers, not strings, for numeric fields.
{
  ""interpretation"": ""short string"",
  ""point_estimate"": 0.0,
  ""reasoning_summary"": ""short string"",
  ""lower_bound"": 0.0,
  ""upper_bound"": 0.0,
  ""confidence_level"": 0.9,
  ""citations"": [
    ""Author (Year)"",
    ""Author (Year)""
  ]
}"
claude_cli,sonnet,household.relative_risk_aversion.crra,2,v1,True,2.0,,1.0,4.0,0.9,,"**Summary**: The CRRA coefficient for a representative household in OLG/DSGE models is most commonly calibrated at **σ = 2**, with a 90% range of **[1, 4]**.

- σ = 1 (log utility) remains extremely common in theory-oriented work
- σ = 2–3 dominates applied OLG policy models (Auerbach-Kotlikoff tradition)
- Micro estimates from labor supply and survey data (Chetty 2006, Barsky et al. 1997) generally support σ ∈ [1, 5]
- Asset-pricing requirements (σ > 10) are typically dismissed as implausible for consumption calibration in this context",,"**Summary**: The CRRA coefficient for a representative household in OLG/DSGE models is most commonly calibrated at **σ = 2**, with a 90% range of **[1, 4]**.

- σ = 1 (log utility) remains extremely common in theory-oriented work
- σ = 2–3 dominates applied OLG policy models (Auerbach-Kotlikoff tradition)
- Micro estimates from labor supply and survey data (Chetty 2006, Barsky et al. 1997) generally support σ ∈ [1, 5]
- Asset-pricing requirements (σ > 10) are typically dismissed as implausible for consumption calibration in this context","You are a careful empirical economist.

Quantity of interest:
- ID: household.relative_risk_aversion.crra
- Name: Coefficient of relative risk aversion
- Description: CRRA coefficient in household utility over consumption.
- Population/context: Representative household or calibrated household block
- Units: coefficient
- Preferred interpretation: CRRA coefficient, often denoted sigma
- Plausible support: [0.0, 50.0]
- Benchmark note: A core household-preference parameter used in overlapping-generations models.

Task:
1. Use the most standard interpretation in applied economics.
2. If the quantity is ambiguous, choose one interpretation and say exactly what you chose.
3. Give your own best central estimate.
4. Give a central 90% uncertainty interval.
5. Give 2 to 4 literature anchors or model-documentation anchors.
6. Keep the explanation brief and substantive.

Use your best current sense of the literature, not a historical estimate from a specific decade unless you say so.

Return valid JSON only. Use numbers, not strings, for numeric fields.
{
  ""interpretation"": ""short string"",
  ""point_estimate"": 0.0,
  ""reasoning_summary"": ""short string"",
  ""lower_bound"": 0.0,
  ""upper_bound"": 0.0,
  ""confidence_level"": 0.9,
  ""citations"": [
    ""Author (Year)"",
    ""Author (Year)""
  ]
}"
claude_cli,sonnet,household.annual_discount_factor,1,v1,True,0.96,,0.94,0.99,0.9,,"**Interpretation chosen:** Annual β in a discrete-time household problem, calibrated to match a steady-state real interest rate (~4%), as used in OG-Core-style annual OLG models.

**Point estimate:** 0.96  
**90% interval:** [0.94, 0.99]

**Key anchors:**
- Auerbach & Kotlikoff (1987): seminal OLG model uses β ≈ 0.96
- OG-Core docs (Evans & DeBacker 2023): explicit β = 0.96 baseline
- Smets & Wouters (2007): quarterly β ≈ 0.999 → annual ≈ 0.996 (upper end of range; DSGE context)
- Cagetti (2003): life-cycle wealth matching yields β ≈ 0.96–0.97

The lower tail (0.94) corresponds to a ~6% pure discount rate; the upper tail (0.99) to near-zero discounting — both are empirically defensible in specific contexts but uncommon in annual representative-household calibrations.",,"**Interpretation chosen:** Annual β in a discrete-time household problem, calibrated to match a steady-state real interest rate (~4%), as used in OG-Core-style annual OLG models.

**Point estimate:** 0.96  
**90% interval:** [0.94, 0.99]

**Key anchors:**
- Auerbach & Kotlikoff (1987): seminal OLG model uses β ≈ 0.96
- OG-Core docs (Evans & DeBacker 2023): explicit β = 0.96 baseline
- Smets & Wouters (2007): quarterly β ≈ 0.999 → annual ≈ 0.996 (upper end of range; DSGE context)
- Cagetti (2003): life-cycle wealth matching yields β ≈ 0.96–0.97

The lower tail (0.94) corresponds to a ~6% pure discount rate; the upper tail (0.99) to near-zero discounting — both are empirically defensible in specific contexts but uncommon in annual representative-household calibrations.","You are a careful empirical economist.

Quantity of interest:
- ID: household.annual_discount_factor
- Name: Annual discount factor
- Description: One-year time discount factor for household utility.
- Population/context: Representative household or calibrated household block
- Units: level
- Preferred interpretation: Annual beta used in calibration
- Plausible support: [0.0, 1.0]
- Benchmark note: A standard preference parameter in OG-Core style models.

Task:
1. Use the most standard interpretation in applied economics.
2. If the quantity is ambiguous, choose one interpretation and say exactly what you chose.
3. Give your own best central estimate.
4. Give a central 90% uncertainty interval.
5. Give 2 to 4 literature anchors or model-documentation anchors.
6. Keep the explanation brief and substantive.

Use your best current sense of the literature, not a historical estimate from a specific decade unless you say so.

Return valid JSON only. Use numbers, not strings, for numeric fields.
{
  ""interpretation"": ""short string"",
  ""point_estimate"": 0.0,
  ""reasoning_summary"": ""short string"",
  ""lower_bound"": 0.0,
  ""upper_bound"": 0.0,
  ""confidence_level"": 0.9,
  ""citations"": [
    ""Author (Year)"",
    ""Author (Year)""
  ]
}"
claude_cli,sonnet,household.annual_discount_factor,2,v1,True,0.96,"Annual beta in a deterministic or stochastic OLG/OG-Core style model, calibrated so the steady-state real interest rate matches historical US averages (~4%). β = 1/(1+r) ≈ 0.96.",0.94,0.98,0.9,Kydland & Prescott (1982) | Auerbach & Kotlikoff (1987) | Evans & DeBacker — OG-Core documentation (2021) | Smets & Wouters (2007),"The canonical annual calibration targets a steady-state real interest rate of ~4%, implying β ≈ 1/1.04 ≈ 0.962. OG-Core documentation (Evans & DeBacker) uses β ≈ 0.96. RBC literature uses quarterly β = 0.99, which annualizes to ~0.961. The 90% interval [0.94, 0.98] covers calibrations targeting r from ~2% to ~6.5%, spanning low-rate DSGE estimates to higher OLG steady-state targets.",,"```json
{
  ""interpretation"": ""Annual beta in a deterministic or stochastic OLG/OG-Core style model, calibrated so the steady-state real interest rate matches historical US averages (~4%). β = 1/(1+r) ≈ 0.96."",
  ""point_estimate"": 0.96,
  ""lower_bound"": 0.94,
  ""upper_bound"": 0.98,
  ""confidence_level"": 0.9,
  ""reasoning_summary"": ""The canonical annual calibration targets a steady-state real interest rate of ~4%, implying β ≈ 1/1.04 ≈ 0.962. OG-Core documentation (Evans & DeBacker) uses β ≈ 0.96. RBC literature uses quarterly β = 0.99, which annualizes to ~0.961. The 90% interval [0.94, 0.98] covers calibrations targeting r from ~2% to ~6.5%, spanning low-rate DSGE estimates to higher OLG steady-state targets."",
  ""citations"": [
    ""Kydland & Prescott (1982)"",
    ""Auerbach & Kotlikoff (1987)"",
    ""Evans & DeBacker — OG-Core documentation (2021)"",
    ""Smets & Wouters (2007)""
  ]
}
```","You are a careful empirical economist.

Quantity of interest:
- ID: household.annual_discount_factor
- Name: Annual discount factor
- Description: One-year time discount factor for household utility.
- Population/context: Representative household or calibrated household block
- Units: level
- Preferred interpretation: Annual beta used in calibration
- Plausible support: [0.0, 1.0]
- Benchmark note: A standard preference parameter in OG-Core style models.

Task:
1. Use the most standard interpretation in applied economics.
2. If the quantity is ambiguous, choose one interpretation and say exactly what you chose.
3. Give your own best central estimate.
4. Give a central 90% uncertainty interval.
5. Give 2 to 4 literature anchors or model-documentation anchors.
6. Keep the explanation brief and substantive.

Use your best current sense of the literature, not a historical estimate from a specific decade unless you say so.

Return valid JSON only. Use numbers, not strings, for numeric fields.
{
  ""interpretation"": ""short string"",
  ""point_estimate"": 0.0,
  ""reasoning_summary"": ""short string"",
  ""lower_bound"": 0.0,
  ""upper_bound"": 0.0,
  ""confidence_level"": 0.9,
  ""citations"": [
    ""Author (Year)"",
    ""Author (Year)""
  ]
}"
