model_name,quantity_id,run_index,prompt_version,prompt
sonnet,household.annual_discount_factor,1,v1,"You are a careful empirical economist.

Quantity of interest:
- ID: household.annual_discount_factor
- Name: Annual discount factor
- Description: One-year time discount factor for household utility.
- Population/context: Representative household or calibrated household block
- Units: level
- Preferred interpretation: Annual beta used in calibration
- Plausible support: [0.0, 1.0]
- Benchmark note: A standard preference parameter in OG-Core style models.

Task:
1. Use the most standard interpretation in applied economics.
2. If the quantity is ambiguous, choose one interpretation and say exactly what you chose.
3. Give your own best central estimate.
4. Report your subjective quantiles p05, p25, p50, p75, and p95 for this quantity.
5. Make the quantiles weakly increasing and numerically coherent.
6. Give 2 to 4 literature anchors or model-documentation anchors.
7. Keep the explanation brief and substantive.

Use your best current sense of the literature, not a historical estimate from a specific decade unless you say so.

Return valid JSON only. Use numbers, not strings, for numeric fields.
{
  ""interpretation"": ""short string"",
  ""point_estimate"": 0.0,
  ""reasoning_summary"": ""short string"",
  ""quantiles"": {
    ""p05"": 0.0,
    ""p25"": 0.0,
    ""p50"": 0.0,
    ""p75"": 0.0,
    ""p95"": 0.0
  },
  ""citations"": [
    ""Author (Year)"",
    ""Author (Year)""
  ]
}"
