provider,model_name,quantity_id,run_index,prompt_version,tool_regime,parsed_ok,point_estimate,interpretation,lower_bound,upper_bound,confidence_level,quantiles,quantiles_repaired,citations,reasoning_summary,error,raw_response,prompt
litellm_completion,claude-sonnet-4.6,labor_supply.marshallian_wage_elasticity.prime_age,1,v4,none,True,0.1,"Intensive-margin uncompensated annual-hours elasticity: percent change in annual hours worked by already-employed prime-age U.S. workers for a 1 percent change in the net-of-tax wage, incorporating both substitution and income effects.",-0.1,0.4,0.9,"{""p05"": -0.1, ""p25"": 0.03, ""p50"": 0.1, ""p75"": 0.2, ""p95"": 0.4}",False,"Keane (2011) 'Labor Supply and Taxes: A Survey', Journal of Economic Literature | Chetty (2012) 'Bounds on Elasticities with Optimization Frictions', Econometrica | MaCurdy (1981) 'An Empirical Model of Labor Supply in a Life-Cycle Setting', JPE","The intensive-margin uncompensated elasticity for prime-age workers is small and positive. Substitution and income effects partially offset each other, keeping the uncompensated elasticity below the compensated (Hicksian) elasticity. The broad empirical consensus from labor supply surveys (e.g., Keane 2011, Blundell & MaCurdy 1999) places intensive-margin uncompensated elasticities for men near 0.0–0.1 and for women somewhat higher (0.1–0.3 in older studies, closer to men in newer ones). A pooled prime-age estimate centers around 0.10, with meaningful uncertainty in both directions given variation across estimation methods, time periods, and demographic subgroups. Chetty's bounds paper suggests true structural elasticities may be somewhat larger than naive OLS estimates but still modest.",,"{""interpretation"": ""Intensive-margin uncompensated annual-hours elasticity: percent change in annual hours worked by already-employed prime-age U.S. workers for a 1 percent change in the net-of-tax wage, incorporating both substitution and income effects."", ""point_estimate"": 0.1, ""quantiles"": {""p05"": -0.1, ""p25"": 0.03, ""p50"": 0.1, ""p75"": 0.2, ""p95"": 0.4}, ""citations"": [""Keane (2011) 'Labor Supply and Taxes: A Survey', Journal of Economic Literature"", ""Chetty (2012) 'Bounds on Elasticities with Optimization Frictions', Econometrica"", ""MaCurdy (1981) 'An Empirical Model of Labor Supply in a Life-Cycle Setting', JPE""], ""reasoning_summary"": ""The intensive-margin uncompensated elasticity for prime-age workers is small and positive. Substitution and income effects partially offset each other, keeping the uncompensated elasticity below the compensated (Hicksian) elasticity. The broad empirical consensus from labor supply surveys (e.g., Keane 2011, Blundell & MaCurdy 1999) places intensive-margin uncompensated elasticities for men near 0.0\u20130.1 and for women somewhat higher (0.1\u20130.3 in older studies, closer to men in newer ones). A pooled prime-age estimate centers around 0.10, with meaningful uncertainty in both directions given variation across estimation methods, time periods, and demographic subgroups. Chetty's bounds paper suggests true structural elasticities may be somewhat larger than naive OLS estimates but still modest.""}","Answer from your current memory and background knowledge only.
Do not use tools, files, the web, code, or external resources.
Do not try to reconstruct a literature review or search for a consensus estimate.
Report the belief you currently endorse.

Quantity of interest:
- Name: Uncompensated wage elasticity of labor supply
- Definition: Percent change in annual hours worked from a 1 percent change in the net-of-tax wage, allowing both substitution and income effects and excluding participation responses.
- Target interpretation: Intensive-margin uncompensated annual-hours elasticity
- Population/context: Prime-age workers in the United States who are already working
- Units: elasticity

Task:
1. Use exactly the target interpretation above. In `interpretation`, restate it briefly.
2. Give your subjective quantiles p05, p25, p50, p75, and p95 for this quantity.
3. Set `point_estimate` equal to `p50`.
4. Make the quantiles weakly increasing and numerically coherent.
5. In `citations`, list up to 3 source anchors from memory that influenced your belief. These are recall anchors only. If none come to mind confidently, return `[]`.
6. Keep `reasoning_summary` brief and substantive.

Return valid JSON only with exactly this shape:
{
  ""interpretation"": ""..."",
  ""point_estimate"": <number>,
  ""quantiles"": {
    ""p05"": <number>,
    ""p25"": <number>,
    ""p50"": <number>,
    ""p75"": <number>,
    ""p95"": <number>
  },
  ""citations"": [""...""],
  ""reasoning_summary"": ""...""
}"
litellm_completion,claude-sonnet-4.6,labor_supply.marshallian_wage_elasticity.prime_age,2,v4,none,True,0.1,"Intensive-margin uncompensated annual-hours elasticity: percent change in annual hours worked for prime-age U.S. workers already employed, given a 1% change in the net-of-tax wage, including both substitution and income effects but excluding participation (extensive-margin) responses.",-0.05,0.4,0.9,"{""p05"": -0.05, ""p25"": 0.03, ""p50"": 0.1, ""p75"": 0.2, ""p95"": 0.4}",False,"Pencavel (1986), Handbook of Labor Economics, surveying male labor supply elasticities clustered near 0.0–0.2 for hours | Blundell & MaCurdy (1999), Handbook of Labor Economics, reviewing intensive-margin estimates generally small and often near zero or slightly positive | Chetty (2012), AER: Papers & Proceedings, meta-analysis suggesting intensive-margin elasticity around 0.1 after correcting for optimization frictions","The empirical literature on intensive-margin labor supply for prime-age workers consistently finds small uncompensated wage elasticities. Income and substitution effects partially offset each other, keeping the uncompensated elasticity modest. Male workers show elasticities near 0.0–0.1; married women show somewhat higher values historically but convergence toward men's estimates in recent decades. Meta-analyses and structural estimates generally center around 0.1, with considerable uncertainty ranging from slightly negative (income effect dominates) to around 0.3–0.4 for some subgroups or specifications.",,"{""interpretation"": ""Intensive-margin uncompensated annual-hours elasticity: percent change in annual hours worked for prime-age U.S. workers already employed, given a 1% change in the net-of-tax wage, including both substitution and income effects but excluding participation (extensive-margin) responses."", ""point_estimate"": 0.1, ""quantiles"": {""p05"": -0.05, ""p25"": 0.03, ""p50"": 0.1, ""p75"": 0.2, ""p95"": 0.4}, ""citations"": [""Pencavel (1986), Handbook of Labor Economics, surveying male labor supply elasticities clustered near 0.0\u20130.2 for hours"", ""Blundell & MaCurdy (1999), Handbook of Labor Economics, reviewing intensive-margin estimates generally small and often near zero or slightly positive"", ""Chetty (2012), AER: Papers & Proceedings, meta-analysis suggesting intensive-margin elasticity around 0.1 after correcting for optimization frictions""], ""reasoning_summary"": ""The empirical literature on intensive-margin labor supply for prime-age workers consistently finds small uncompensated wage elasticities. Income and substitution effects partially offset each other, keeping the uncompensated elasticity modest. Male workers show elasticities near 0.0\u20130.1; married women show somewhat higher values historically but convergence toward men's estimates in recent decades. Meta-analyses and structural estimates generally center around 0.1, with considerable uncertainty ranging from slightly negative (income effect dominates) to around 0.3\u20130.4 for some subgroups or specifications.""}","Answer from your current memory and background knowledge only.
Do not use tools, files, the web, code, or external resources.
Do not try to reconstruct a literature review or search for a consensus estimate.
Report the belief you currently endorse.

Quantity of interest:
- Name: Uncompensated wage elasticity of labor supply
- Definition: Percent change in annual hours worked from a 1 percent change in the net-of-tax wage, allowing both substitution and income effects and excluding participation responses.
- Target interpretation: Intensive-margin uncompensated annual-hours elasticity
- Population/context: Prime-age workers in the United States who are already working
- Units: elasticity

Task:
1. Use exactly the target interpretation above. In `interpretation`, restate it briefly.
2. Give your subjective quantiles p05, p25, p50, p75, and p95 for this quantity.
3. Set `point_estimate` equal to `p50`.
4. Make the quantiles weakly increasing and numerically coherent.
5. In `citations`, list up to 3 source anchors from memory that influenced your belief. These are recall anchors only. If none come to mind confidently, return `[]`.
6. Keep `reasoning_summary` brief and substantive.

Return valid JSON only with exactly this shape:
{
  ""interpretation"": ""..."",
  ""point_estimate"": <number>,
  ""quantiles"": {
    ""p05"": <number>,
    ""p25"": <number>,
    ""p50"": <number>,
    ""p75"": <number>,
    ""p95"": <number>
  },
  ""citations"": [""...""],
  ""reasoning_summary"": ""...""
}"
litellm_completion,claude-sonnet-4.6,labor_supply.marshallian_wage_elasticity.prime_age,3,v4,none,True,0.1,"Intensive-margin uncompensated annual-hours elasticity: percent change in annual hours worked for a 1 percent change in the net-of-tax wage, combining substitution and income effects, for prime-age U.S. workers already employed (excluding participation margin).",-0.1,0.4,0.9,"{""p05"": -0.1, ""p25"": 0.03, ""p50"": 0.1, ""p75"": 0.2, ""p95"": 0.4}",False,"Chetty (2012, Annual Review of Economics) – meta-analysis finding intensive-margin compensated elasticity ~0.33 but uncompensated closer to 0.1–0.2 after accounting for income effects | Blundell & MaCurdy (1999, Handbook of Labor Economics) – survey reporting intensive-margin elasticities typically 0.0–0.2 for men, somewhat higher for women | Keane (2011, Journal of Economic Literature) – structural estimates suggesting male intensive-margin elasticity near 0.1, female somewhat higher","The extensive literature on labor supply elasticities consistently finds that the intensive-margin uncompensated elasticity for already-employed prime-age U.S. workers is modest. For prime-age men, most estimates cluster near zero to 0.1; for prime-age women the estimates are somewhat higher (0.2–0.4) but the question asks about prime-age workers broadly. Income effects partially offset substitution effects, pulling the uncompensated figure below the compensated (Hicksian) elasticity. A central estimate near 0.10 reflects this literature, with meaningful uncertainty spanning slightly negative values (strong income effects) up to roughly 0.4 (studies finding larger responses or focusing on women).",,"{""interpretation"": ""Intensive-margin uncompensated annual-hours elasticity: percent change in annual hours worked for a 1 percent change in the net-of-tax wage, combining substitution and income effects, for prime-age U.S. workers already employed (excluding participation margin)."", ""point_estimate"": 0.1, ""quantiles"": {""p05"": -0.1, ""p25"": 0.03, ""p50"": 0.1, ""p75"": 0.2, ""p95"": 0.4}, ""citations"": [""Chetty (2012, Annual Review of Economics) \u2013 meta-analysis finding intensive-margin compensated elasticity ~0.33 but uncompensated closer to 0.1\u20130.2 after accounting for income effects"", ""Blundell & MaCurdy (1999, Handbook of Labor Economics) \u2013 survey reporting intensive-margin elasticities typically 0.0\u20130.2 for men, somewhat higher for women"", ""Keane (2011, Journal of Economic Literature) \u2013 structural estimates suggesting male intensive-margin elasticity near 0.1, female somewhat higher""], ""reasoning_summary"": ""The extensive literature on labor supply elasticities consistently finds that the intensive-margin uncompensated elasticity for already-employed prime-age U.S. workers is modest. For prime-age men, most estimates cluster near zero to 0.1; for prime-age women the estimates are somewhat higher (0.2\u20130.4) but the question asks about prime-age workers broadly. Income effects partially offset substitution effects, pulling the uncompensated figure below the compensated (Hicksian) elasticity. A central estimate near 0.10 reflects this literature, with meaningful uncertainty spanning slightly negative values (strong income effects) up to roughly 0.4 (studies finding larger responses or focusing on women).""}","Answer from your current memory and background knowledge only.
Do not use tools, files, the web, code, or external resources.
Do not try to reconstruct a literature review or search for a consensus estimate.
Report the belief you currently endorse.

Quantity of interest:
- Name: Uncompensated wage elasticity of labor supply
- Definition: Percent change in annual hours worked from a 1 percent change in the net-of-tax wage, allowing both substitution and income effects and excluding participation responses.
- Target interpretation: Intensive-margin uncompensated annual-hours elasticity
- Population/context: Prime-age workers in the United States who are already working
- Units: elasticity

Task:
1. Use exactly the target interpretation above. In `interpretation`, restate it briefly.
2. Give your subjective quantiles p05, p25, p50, p75, and p95 for this quantity.
3. Set `point_estimate` equal to `p50`.
4. Make the quantiles weakly increasing and numerically coherent.
5. In `citations`, list up to 3 source anchors from memory that influenced your belief. These are recall anchors only. If none come to mind confidently, return `[]`.
6. Keep `reasoning_summary` brief and substantive.

Return valid JSON only with exactly this shape:
{
  ""interpretation"": ""..."",
  ""point_estimate"": <number>,
  ""quantiles"": {
    ""p05"": <number>,
    ""p25"": <number>,
    ""p50"": <number>,
    ""p75"": <number>,
    ""p95"": <number>
  },
  ""citations"": [""...""],
  ""reasoning_summary"": ""...""
}"
litellm_completion,claude-sonnet-4.6,labor_supply.marshallian_wage_elasticity.prime_age,4,v4,none,True,0.1,"Intensive-margin uncompensated annual-hours elasticity: percent change in annual hours worked for prime-age U.S. workers already employed, given a 1 percent change in the net-of-tax wage, incorporating both substitution and income effects but excluding participation (extensive margin) responses.",-0.1,0.4,0.9,"{""p05"": -0.1, ""p25"": 0.03, ""p50"": 0.1, ""p75"": 0.2, ""p95"": 0.4}",False,"Keane (2011), 'Labor Supply and Taxes: A Survey', Journal of Economic Literature | Chetty (2012), 'Bounds on Elasticities with Optimization Frictions', Econometrica | MaCurdy (1981), 'An Empirical Model of Labor Supply in a Life-Cycle Setting', JPE","The large empirical literature on intensive-margin labor supply consistently finds small uncompensated elasticities for prime-age workers. MaCurdy-style life-cycle estimates and later studies (e.g., Keane's survey) typically place the uncompensated intensive-margin elasticity for men near 0.0–0.15; for women it is somewhat higher but has converged downward over time. Chetty's meta-analysis and bounds approach suggests a central structural elasticity around 0.33 when frictions are accounted for, but reduced-form estimates cluster near 0.1. The income effect partly offsets the substitution effect, keeping the uncompensated figure close to zero or modestly positive. I center my belief at 0.10 with substantial uncertainty, allowing for negative values (income effect dominance) at the low end and values up to ~0.4 at the high end.",,"{""interpretation"": ""Intensive-margin uncompensated annual-hours elasticity: percent change in annual hours worked for prime-age U.S. workers already employed, given a 1 percent change in the net-of-tax wage, incorporating both substitution and income effects but excluding participation (extensive margin) responses."", ""point_estimate"": 0.1, ""quantiles"": {""p05"": -0.1, ""p25"": 0.03, ""p50"": 0.1, ""p75"": 0.2, ""p95"": 0.4}, ""citations"": [""Keane (2011), 'Labor Supply and Taxes: A Survey', Journal of Economic Literature"", ""Chetty (2012), 'Bounds on Elasticities with Optimization Frictions', Econometrica"", ""MaCurdy (1981), 'An Empirical Model of Labor Supply in a Life-Cycle Setting', JPE""], ""reasoning_summary"": ""The large empirical literature on intensive-margin labor supply consistently finds small uncompensated elasticities for prime-age workers. MaCurdy-style life-cycle estimates and later studies (e.g., Keane's survey) typically place the uncompensated intensive-margin elasticity for men near 0.0\u20130.15; for women it is somewhat higher but has converged downward over time. Chetty's meta-analysis and bounds approach suggests a central structural elasticity around 0.33 when frictions are accounted for, but reduced-form estimates cluster near 0.1. The income effect partly offsets the substitution effect, keeping the uncompensated figure close to zero or modestly positive. I center my belief at 0.10 with substantial uncertainty, allowing for negative values (income effect dominance) at the low end and values up to ~0.4 at the high end.""}","Answer from your current memory and background knowledge only.
Do not use tools, files, the web, code, or external resources.
Do not try to reconstruct a literature review or search for a consensus estimate.
Report the belief you currently endorse.

Quantity of interest:
- Name: Uncompensated wage elasticity of labor supply
- Definition: Percent change in annual hours worked from a 1 percent change in the net-of-tax wage, allowing both substitution and income effects and excluding participation responses.
- Target interpretation: Intensive-margin uncompensated annual-hours elasticity
- Population/context: Prime-age workers in the United States who are already working
- Units: elasticity

Task:
1. Use exactly the target interpretation above. In `interpretation`, restate it briefly.
2. Give your subjective quantiles p05, p25, p50, p75, and p95 for this quantity.
3. Set `point_estimate` equal to `p50`.
4. Make the quantiles weakly increasing and numerically coherent.
5. In `citations`, list up to 3 source anchors from memory that influenced your belief. These are recall anchors only. If none come to mind confidently, return `[]`.
6. Keep `reasoning_summary` brief and substantive.

Return valid JSON only with exactly this shape:
{
  ""interpretation"": ""..."",
  ""point_estimate"": <number>,
  ""quantiles"": {
    ""p05"": <number>,
    ""p25"": <number>,
    ""p50"": <number>,
    ""p75"": <number>,
    ""p95"": <number>
  },
  ""citations"": [""...""],
  ""reasoning_summary"": ""...""
}"
litellm_completion,claude-sonnet-4.6,labor_supply.marshallian_wage_elasticity.prime_age,5,v4,none,True,0.1,"Intensive-margin uncompensated annual-hours elasticity: percent change in annual hours worked for prime-age U.S. workers already employed, per 1 percent change in the net-of-tax wage, inclusive of income effects and excluding participation responses.",-0.1,0.4,0.9,"{""p05"": -0.1, ""p25"": 0.03, ""p50"": 0.1, ""p75"": 0.2, ""p95"": 0.4}",False,"Keane (2011), 'Labor Supply and Taxes: A Survey', Journal of Economic Literature — reviews a wide range of estimates and notes men's uncompensated elasticity is near zero to slightly positive, women's somewhat higher. | MaCurdy (1981), 'An Empirical Model of Labor Supply in a Life-Cycle Setting', JPE — classic structural estimate finding small positive intensive-margin elasticity for men (~0.1–0.15). | Blundell & MaCurdy (1999), 'Labor Supply: A Review of Alternative Approaches', Handbook of Labor Economics — summarizes consensus of small uncompensated elasticities for prime-age workers, roughly 0.0–0.2.","The large empirical literature on intensive-margin labor supply consistently finds that prime-age workers (especially men) have small uncompensated wage elasticities, typically in the range of 0.0 to 0.2. For men the point estimates cluster near 0.0–0.1; for women they are somewhat higher (0.1–0.3), but the target population is mixed prime-age workers already employed. The uncompensated elasticity is lower than the compensated (Hicksian) elasticity because the income effect partially offsets the substitution effect. I center my median at 0.10, with meaningful uncertainty spanning negative values (strong income effects possible) up to about 0.4 at the high end.",,"{""interpretation"": ""Intensive-margin uncompensated annual-hours elasticity: percent change in annual hours worked for prime-age U.S. workers already employed, per 1 percent change in the net-of-tax wage, inclusive of income effects and excluding participation responses."", ""point_estimate"": 0.1, ""quantiles"": {""p05"": -0.1, ""p25"": 0.03, ""p50"": 0.1, ""p75"": 0.2, ""p95"": 0.4}, ""citations"": [""Keane (2011), 'Labor Supply and Taxes: A Survey', Journal of Economic Literature \u2014 reviews a wide range of estimates and notes men's uncompensated elasticity is near zero to slightly positive, women's somewhat higher."", ""MaCurdy (1981), 'An Empirical Model of Labor Supply in a Life-Cycle Setting', JPE \u2014 classic structural estimate finding small positive intensive-margin elasticity for men (~0.1\u20130.15)."", ""Blundell & MaCurdy (1999), 'Labor Supply: A Review of Alternative Approaches', Handbook of Labor Economics \u2014 summarizes consensus of small uncompensated elasticities for prime-age workers, roughly 0.0\u20130.2.""], ""reasoning_summary"": ""The large empirical literature on intensive-margin labor supply consistently finds that prime-age workers (especially men) have small uncompensated wage elasticities, typically in the range of 0.0 to 0.2. For men the point estimates cluster near 0.0\u20130.1; for women they are somewhat higher (0.1\u20130.3), but the target population is mixed prime-age workers already employed. The uncompensated elasticity is lower than the compensated (Hicksian) elasticity because the income effect partially offsets the substitution effect. I center my median at 0.10, with meaningful uncertainty spanning negative values (strong income effects possible) up to about 0.4 at the high end.""}","Answer from your current memory and background knowledge only.
Do not use tools, files, the web, code, or external resources.
Do not try to reconstruct a literature review or search for a consensus estimate.
Report the belief you currently endorse.

Quantity of interest:
- Name: Uncompensated wage elasticity of labor supply
- Definition: Percent change in annual hours worked from a 1 percent change in the net-of-tax wage, allowing both substitution and income effects and excluding participation responses.
- Target interpretation: Intensive-margin uncompensated annual-hours elasticity
- Population/context: Prime-age workers in the United States who are already working
- Units: elasticity

Task:
1. Use exactly the target interpretation above. In `interpretation`, restate it briefly.
2. Give your subjective quantiles p05, p25, p50, p75, and p95 for this quantity.
3. Set `point_estimate` equal to `p50`.
4. Make the quantiles weakly increasing and numerically coherent.
5. In `citations`, list up to 3 source anchors from memory that influenced your belief. These are recall anchors only. If none come to mind confidently, return `[]`.
6. Keep `reasoning_summary` brief and substantive.

Return valid JSON only with exactly this shape:
{
  ""interpretation"": ""..."",
  ""point_estimate"": <number>,
  ""quantiles"": {
    ""p05"": <number>,
    ""p25"": <number>,
    ""p50"": <number>,
    ""p75"": <number>,
    ""p95"": <number>
  },
  ""citations"": [""...""],
  ""reasoning_summary"": ""...""
}"
litellm_completion,claude-sonnet-4.6,labor_supply.marshallian_wage_elasticity.prime_age,6,v4,none,True,0.1,"Intensive-margin uncompensated annual-hours elasticity: percent change in annual hours worked for prime-age US workers already employed, given a 1 percent change in the net-of-tax wage, incorporating both substitution and income effects and excluding participation (extensive-margin) responses.",-0.05,0.35,0.9,"{""p05"": -0.05, ""p25"": 0.03, ""p50"": 0.1, ""p75"": 0.18, ""p95"": 0.35}",False,"Keane (2011), 'Labor Supply and Taxes: A Survey', Journal of Economic Literature — reviews a wide range of estimates and finds modest positive uncompensated elasticities for men (~0.1) and somewhat larger for women. | Chetty (2012), 'Bounds on Elasticities with Optimization Frictions', QJE — meta-analysis suggesting the intensive-margin hours elasticity clusters near 0.1 after correcting for frictions. | MaCurdy (1981), 'An Empirical Model of Labor Supply in a Life-Cycle Setting', JPE — early structural estimate finding small positive uncompensated elasticities for prime-age men.","The literature on intensive-margin labor supply for prime-age US workers consistently finds small uncompensated wage elasticities. For prime-age men the consensus is near zero to slightly positive (~0.0–0.15); for prime-age women estimates are somewhat higher but still modest. Pooling across sexes and weighting by review studies (Keane 2011, Chetty 2012), the central estimate sits around 0.10. Income and substitution effects partially offset each other, keeping the uncompensated elasticity well below the compensated one. Uncertainty spans negative values (if income effects dominate) to roughly 0.35 at the high end.",,"{""interpretation"": ""Intensive-margin uncompensated annual-hours elasticity: percent change in annual hours worked for prime-age US workers already employed, given a 1 percent change in the net-of-tax wage, incorporating both substitution and income effects and excluding participation (extensive-margin) responses."", ""point_estimate"": 0.1, ""quantiles"": {""p05"": -0.05, ""p25"": 0.03, ""p50"": 0.1, ""p75"": 0.18, ""p95"": 0.35}, ""citations"": [""Keane (2011), 'Labor Supply and Taxes: A Survey', Journal of Economic Literature \u2014 reviews a wide range of estimates and finds modest positive uncompensated elasticities for men (~0.1) and somewhat larger for women."", ""Chetty (2012), 'Bounds on Elasticities with Optimization Frictions', QJE \u2014 meta-analysis suggesting the intensive-margin hours elasticity clusters near 0.1 after correcting for frictions."", ""MaCurdy (1981), 'An Empirical Model of Labor Supply in a Life-Cycle Setting', JPE \u2014 early structural estimate finding small positive uncompensated elasticities for prime-age men.""], ""reasoning_summary"": ""The literature on intensive-margin labor supply for prime-age US workers consistently finds small uncompensated wage elasticities. For prime-age men the consensus is near zero to slightly positive (~0.0\u20130.15); for prime-age women estimates are somewhat higher but still modest. Pooling across sexes and weighting by review studies (Keane 2011, Chetty 2012), the central estimate sits around 0.10. Income and substitution effects partially offset each other, keeping the uncompensated elasticity well below the compensated one. Uncertainty spans negative values (if income effects dominate) to roughly 0.35 at the high end.""}","Answer from your current memory and background knowledge only.
Do not use tools, files, the web, code, or external resources.
Do not try to reconstruct a literature review or search for a consensus estimate.
Report the belief you currently endorse.

Quantity of interest:
- Name: Uncompensated wage elasticity of labor supply
- Definition: Percent change in annual hours worked from a 1 percent change in the net-of-tax wage, allowing both substitution and income effects and excluding participation responses.
- Target interpretation: Intensive-margin uncompensated annual-hours elasticity
- Population/context: Prime-age workers in the United States who are already working
- Units: elasticity

Task:
1. Use exactly the target interpretation above. In `interpretation`, restate it briefly.
2. Give your subjective quantiles p05, p25, p50, p75, and p95 for this quantity.
3. Set `point_estimate` equal to `p50`.
4. Make the quantiles weakly increasing and numerically coherent.
5. In `citations`, list up to 3 source anchors from memory that influenced your belief. These are recall anchors only. If none come to mind confidently, return `[]`.
6. Keep `reasoning_summary` brief and substantive.

Return valid JSON only with exactly this shape:
{
  ""interpretation"": ""..."",
  ""point_estimate"": <number>,
  ""quantiles"": {
    ""p05"": <number>,
    ""p25"": <number>,
    ""p50"": <number>,
    ""p75"": <number>,
    ""p95"": <number>
  },
  ""citations"": [""...""],
  ""reasoning_summary"": ""...""
}"
litellm_completion,claude-sonnet-4.6,labor_supply.marshallian_wage_elasticity.prime_age,7,v4,none,True,0.1,"Intensive-margin uncompensated annual-hours elasticity: percent change in annual hours worked for prime-age U.S. workers already employed, given a 1 percent change in the net-of-tax wage, combining substitution and income effects but excluding participation (extensive-margin) responses.",-0.05,0.35,0.9,"{""p05"": -0.05, ""p25"": 0.03, ""p50"": 0.1, ""p75"": 0.18, ""p95"": 0.35}",False,"Keane (2011, Journal of Economic Literature) – survey concluding intensive-margin uncompensated elasticities for men cluster near zero to slightly positive (~0.0–0.1), and for women somewhat higher but still modest when already employed. | MaCurdy (1981, JPE) – life-cycle labor supply estimate yielding small positive intertemporal substitution elasticity, frequently cited benchmark for intensive margin. | Chetty (2012, AEJ: Economic Policy) – meta-analysis finding median intensive-margin elasticity around 0.33 for compensated and smaller for uncompensated; implies uncompensated intensive-margin values below 0.2 for prime-age workers.","The empirical consensus from labor supply surveys (Keane 2011, Blundell & MaCurdy 1999, Chetty 2012) is that the intensive-margin uncompensated elasticity for already-employed prime-age U.S. workers is small and positive, typically in the range of 0.0–0.2. Men's elasticities are close to zero or slightly positive; women's are somewhat higher but converge toward men's once conditioning on being employed. The income effect partially offsets the substitution effect, keeping the uncompensated elasticity below the compensated (Hicksian) counterpart. I center at 0.10 with meaningful uncertainty spanning slightly negative (strong income effect scenario) to roughly 0.35 (upper-end estimates for women or certain specifications).",,"{""interpretation"": ""Intensive-margin uncompensated annual-hours elasticity: percent change in annual hours worked for prime-age U.S. workers already employed, given a 1 percent change in the net-of-tax wage, combining substitution and income effects but excluding participation (extensive-margin) responses."", ""point_estimate"": 0.1, ""quantiles"": {""p05"": -0.05, ""p25"": 0.03, ""p50"": 0.1, ""p75"": 0.18, ""p95"": 0.35}, ""citations"": [""Keane (2011, Journal of Economic Literature) \u2013 survey concluding intensive-margin uncompensated elasticities for men cluster near zero to slightly positive (~0.0\u20130.1), and for women somewhat higher but still modest when already employed."", ""MaCurdy (1981, JPE) \u2013 life-cycle labor supply estimate yielding small positive intertemporal substitution elasticity, frequently cited benchmark for intensive margin."", ""Chetty (2012, AEJ: Economic Policy) \u2013 meta-analysis finding median intensive-margin elasticity around 0.33 for compensated and smaller for uncompensated; implies uncompensated intensive-margin values below 0.2 for prime-age workers.""], ""reasoning_summary"": ""The empirical consensus from labor supply surveys (Keane 2011, Blundell & MaCurdy 1999, Chetty 2012) is that the intensive-margin uncompensated elasticity for already-employed prime-age U.S. workers is small and positive, typically in the range of 0.0\u20130.2. Men's elasticities are close to zero or slightly positive; women's are somewhat higher but converge toward men's once conditioning on being employed. The income effect partially offsets the substitution effect, keeping the uncompensated elasticity below the compensated (Hicksian) counterpart. I center at 0.10 with meaningful uncertainty spanning slightly negative (strong income effect scenario) to roughly 0.35 (upper-end estimates for women or certain specifications).""}","Answer from your current memory and background knowledge only.
Do not use tools, files, the web, code, or external resources.
Do not try to reconstruct a literature review or search for a consensus estimate.
Report the belief you currently endorse.

Quantity of interest:
- Name: Uncompensated wage elasticity of labor supply
- Definition: Percent change in annual hours worked from a 1 percent change in the net-of-tax wage, allowing both substitution and income effects and excluding participation responses.
- Target interpretation: Intensive-margin uncompensated annual-hours elasticity
- Population/context: Prime-age workers in the United States who are already working
- Units: elasticity

Task:
1. Use exactly the target interpretation above. In `interpretation`, restate it briefly.
2. Give your subjective quantiles p05, p25, p50, p75, and p95 for this quantity.
3. Set `point_estimate` equal to `p50`.
4. Make the quantiles weakly increasing and numerically coherent.
5. In `citations`, list up to 3 source anchors from memory that influenced your belief. These are recall anchors only. If none come to mind confidently, return `[]`.
6. Keep `reasoning_summary` brief and substantive.

Return valid JSON only with exactly this shape:
{
  ""interpretation"": ""..."",
  ""point_estimate"": <number>,
  ""quantiles"": {
    ""p05"": <number>,
    ""p25"": <number>,
    ""p50"": <number>,
    ""p75"": <number>,
    ""p95"": <number>
  },
  ""citations"": [""...""],
  ""reasoning_summary"": ""...""
}"
litellm_completion,claude-sonnet-4.6,labor_supply.marshallian_wage_elasticity.prime_age,8,v4,none,True,0.1,"Intensive-margin uncompensated annual-hours elasticity: percent change in annual hours worked for prime-age U.S. workers already employed, given a 1 percent change in the net-of-tax wage, allowing both substitution and income effects but excluding participation (extensive-margin) responses.",-0.1,0.35,0.9,"{""p05"": -0.1, ""p25"": 0.03, ""p50"": 0.1, ""p75"": 0.18, ""p95"": 0.35}",False,"MaCurdy (1981), 'An Empirical Model of Labor Supply in a Life-Cycle Setting,' JPE — finds small positive intensive-margin elasticities for men (~0.1–0.15). | Blundell & MaCurdy (1999), 'Labor Supply: A Review of Alternative Approaches,' Handbook of Labor Economics — surveys estimates typically in 0.0–0.2 range for prime-age men, somewhat higher for women. | Chetty (2012), 'Bounds on Elasticities with Optimization Frictions,' Econometrica — meta-analysis suggests intensive-margin elasticity around 0.33 after correcting for frictions, but central uncompensated estimates still modest.","The large empirical literature on intensive-margin labor supply consistently finds small uncompensated elasticities for prime-age workers. For men, estimates cluster near 0.0–0.15; for women (especially married) they are somewhat larger but still modest (0.1–0.3). The income effect partially offsets the substitution effect, keeping the uncompensated elasticity low and sometimes near zero. Averaging across sexes for prime-age employed workers, my median belief is around 0.10, with genuine uncertainty spanning slightly negative values (income effect dominance) up to about 0.35 at the high end.",,"{""interpretation"": ""Intensive-margin uncompensated annual-hours elasticity: percent change in annual hours worked for prime-age U.S. workers already employed, given a 1 percent change in the net-of-tax wage, allowing both substitution and income effects but excluding participation (extensive-margin) responses."", ""point_estimate"": 0.1, ""quantiles"": {""p05"": -0.1, ""p25"": 0.03, ""p50"": 0.1, ""p75"": 0.18, ""p95"": 0.35}, ""citations"": [""MaCurdy (1981), 'An Empirical Model of Labor Supply in a Life-Cycle Setting,' JPE \u2014 finds small positive intensive-margin elasticities for men (~0.1\u20130.15)."", ""Blundell & MaCurdy (1999), 'Labor Supply: A Review of Alternative Approaches,' Handbook of Labor Economics \u2014 surveys estimates typically in 0.0\u20130.2 range for prime-age men, somewhat higher for women."", ""Chetty (2012), 'Bounds on Elasticities with Optimization Frictions,' Econometrica \u2014 meta-analysis suggests intensive-margin elasticity around 0.33 after correcting for frictions, but central uncompensated estimates still modest.""], ""reasoning_summary"": ""The large empirical literature on intensive-margin labor supply consistently finds small uncompensated elasticities for prime-age workers. For men, estimates cluster near 0.0\u20130.15; for women (especially married) they are somewhat larger but still modest (0.1\u20130.3). The income effect partially offsets the substitution effect, keeping the uncompensated elasticity low and sometimes near zero. Averaging across sexes for prime-age employed workers, my median belief is around 0.10, with genuine uncertainty spanning slightly negative values (income effect dominance) up to about 0.35 at the high end.""}","Answer from your current memory and background knowledge only.
Do not use tools, files, the web, code, or external resources.
Do not try to reconstruct a literature review or search for a consensus estimate.
Report the belief you currently endorse.

Quantity of interest:
- Name: Uncompensated wage elasticity of labor supply
- Definition: Percent change in annual hours worked from a 1 percent change in the net-of-tax wage, allowing both substitution and income effects and excluding participation responses.
- Target interpretation: Intensive-margin uncompensated annual-hours elasticity
- Population/context: Prime-age workers in the United States who are already working
- Units: elasticity

Task:
1. Use exactly the target interpretation above. In `interpretation`, restate it briefly.
2. Give your subjective quantiles p05, p25, p50, p75, and p95 for this quantity.
3. Set `point_estimate` equal to `p50`.
4. Make the quantiles weakly increasing and numerically coherent.
5. In `citations`, list up to 3 source anchors from memory that influenced your belief. These are recall anchors only. If none come to mind confidently, return `[]`.
6. Keep `reasoning_summary` brief and substantive.

Return valid JSON only with exactly this shape:
{
  ""interpretation"": ""..."",
  ""point_estimate"": <number>,
  ""quantiles"": {
    ""p05"": <number>,
    ""p25"": <number>,
    ""p50"": <number>,
    ""p75"": <number>,
    ""p95"": <number>
  },
  ""citations"": [""...""],
  ""reasoning_summary"": ""...""
}"
litellm_completion,claude-sonnet-4.6,labor_supply.marshallian_wage_elasticity.prime_age,9,v4,none,True,0.1,"Intensive-margin uncompensated annual-hours elasticity: percent change in annual hours worked for prime-age U.S. workers already employed in response to a 1 percent change in the net-of-tax wage, capturing both substitution and income effects but excluding the participation margin.",-0.1,0.4,0.9,"{""p05"": -0.1, ""p25"": 0.03, ""p50"": 0.1, ""p75"": 0.2, ""p95"": 0.4}",False,"MaCurdy (1981) – estimated intensive-margin male labor supply elasticity around 0.1–0.15 using panel data | Chetty (2012, Annual Review of Economics) – meta-analysis suggesting intensive-margin uncompensated elasticity clusters near 0.1 after correcting for optimization frictions | Keane (2011, Journal of Economic Literature) – survey noting wide range of estimates but central tendency near 0.1–0.2 for prime-age workers","The empirical literature on intensive-margin labor supply for prime-age U.S. workers consistently finds small uncompensated elasticities. Male workers show elasticities close to zero or slightly positive (0.0–0.15), while female workers show somewhat higher values (0.1–0.3), but for the mixed prime-age already-employed population the central tendency is around 0.1. The uncompensated elasticity is smaller than the compensated (Hicksian) one because the income effect partially offsets the substitution effect. The distribution is right-skewed given that some studies find near-zero or small negative values while others find values up to 0.3–0.4, leading to a p05 of about -0.1 and p95 of about 0.4.",,"{""interpretation"": ""Intensive-margin uncompensated annual-hours elasticity: percent change in annual hours worked for prime-age U.S. workers already employed in response to a 1 percent change in the net-of-tax wage, capturing both substitution and income effects but excluding the participation margin."", ""point_estimate"": 0.1, ""quantiles"": {""p05"": -0.1, ""p25"": 0.03, ""p50"": 0.1, ""p75"": 0.2, ""p95"": 0.4}, ""citations"": [""MaCurdy (1981) \u2013 estimated intensive-margin male labor supply elasticity around 0.1\u20130.15 using panel data"", ""Chetty (2012, Annual Review of Economics) \u2013 meta-analysis suggesting intensive-margin uncompensated elasticity clusters near 0.1 after correcting for optimization frictions"", ""Keane (2011, Journal of Economic Literature) \u2013 survey noting wide range of estimates but central tendency near 0.1\u20130.2 for prime-age workers""], ""reasoning_summary"": ""The empirical literature on intensive-margin labor supply for prime-age U.S. workers consistently finds small uncompensated elasticities. Male workers show elasticities close to zero or slightly positive (0.0\u20130.15), while female workers show somewhat higher values (0.1\u20130.3), but for the mixed prime-age already-employed population the central tendency is around 0.1. The uncompensated elasticity is smaller than the compensated (Hicksian) one because the income effect partially offsets the substitution effect. The distribution is right-skewed given that some studies find near-zero or small negative values while others find values up to 0.3\u20130.4, leading to a p05 of about -0.1 and p95 of about 0.4.""}","Answer from your current memory and background knowledge only.
Do not use tools, files, the web, code, or external resources.
Do not try to reconstruct a literature review or search for a consensus estimate.
Report the belief you currently endorse.

Quantity of interest:
- Name: Uncompensated wage elasticity of labor supply
- Definition: Percent change in annual hours worked from a 1 percent change in the net-of-tax wage, allowing both substitution and income effects and excluding participation responses.
- Target interpretation: Intensive-margin uncompensated annual-hours elasticity
- Population/context: Prime-age workers in the United States who are already working
- Units: elasticity

Task:
1. Use exactly the target interpretation above. In `interpretation`, restate it briefly.
2. Give your subjective quantiles p05, p25, p50, p75, and p95 for this quantity.
3. Set `point_estimate` equal to `p50`.
4. Make the quantiles weakly increasing and numerically coherent.
5. In `citations`, list up to 3 source anchors from memory that influenced your belief. These are recall anchors only. If none come to mind confidently, return `[]`.
6. Keep `reasoning_summary` brief and substantive.

Return valid JSON only with exactly this shape:
{
  ""interpretation"": ""..."",
  ""point_estimate"": <number>,
  ""quantiles"": {
    ""p05"": <number>,
    ""p25"": <number>,
    ""p50"": <number>,
    ""p75"": <number>,
    ""p95"": <number>
  },
  ""citations"": [""...""],
  ""reasoning_summary"": ""...""
}"
litellm_completion,claude-sonnet-4.6,labor_supply.marshallian_wage_elasticity.prime_age,10,v4,none,True,0.1,"Intensive-margin uncompensated annual-hours elasticity: percent change in annual hours worked by already-employed prime-age U.S. workers for a 1% change in the net-of-tax wage, combining substitution and income effects.",-0.05,0.35,0.9,"{""p05"": -0.05, ""p25"": 0.05, ""p50"": 0.1, ""p75"": 0.2, ""p95"": 0.35}",False,"Keane, M. P. (2011). Labor supply and taxes: A survey. Journal of Economic Literature, 49(4), 961–1075. | Chetty, R. (2012). Bounds on elasticities with optimization frictions. Econometrica, 80(3), 969–1018. | MaCurdy, T. E. (1981). An empirical model of labor supply in a life-cycle setting. Journal of Political Economy, 89(6), 1059–1085.","The empirical literature on intensive-margin labor supply for prime-age workers (mostly men) consistently finds small uncompensated elasticities, often in the range of 0.0–0.2. Male elasticities cluster near zero or slightly positive (around 0.0–0.15), while female intensive-margin elasticities tend to be somewhat higher (0.1–0.3). For a combined prime-age sample, the uncompensated elasticity reflects partially offsetting substitution and income effects; the net is typically small and positive. Keane's survey and Chetty's frictions paper both suggest a central tendency near 0.1 for the intensive margin, with meaningful uncertainty spanning slightly negative to around 0.3–0.4 at the tails.",,"{""interpretation"": ""Intensive-margin uncompensated annual-hours elasticity: percent change in annual hours worked by already-employed prime-age U.S. workers for a 1% change in the net-of-tax wage, combining substitution and income effects."", ""point_estimate"": 0.1, ""quantiles"": {""p05"": -0.05, ""p25"": 0.05, ""p50"": 0.1, ""p75"": 0.2, ""p95"": 0.35}, ""citations"": [""Keane, M. P. (2011). Labor supply and taxes: A survey. Journal of Economic Literature, 49(4), 961\u20131075."", ""Chetty, R. (2012). Bounds on elasticities with optimization frictions. Econometrica, 80(3), 969\u20131018."", ""MaCurdy, T. E. (1981). An empirical model of labor supply in a life-cycle setting. Journal of Political Economy, 89(6), 1059\u20131085.""], ""reasoning_summary"": ""The empirical literature on intensive-margin labor supply for prime-age workers (mostly men) consistently finds small uncompensated elasticities, often in the range of 0.0\u20130.2. Male elasticities cluster near zero or slightly positive (around 0.0\u20130.15), while female intensive-margin elasticities tend to be somewhat higher (0.1\u20130.3). For a combined prime-age sample, the uncompensated elasticity reflects partially offsetting substitution and income effects; the net is typically small and positive. Keane's survey and Chetty's frictions paper both suggest a central tendency near 0.1 for the intensive margin, with meaningful uncertainty spanning slightly negative to around 0.3\u20130.4 at the tails.""}","Answer from your current memory and background knowledge only.
Do not use tools, files, the web, code, or external resources.
Do not try to reconstruct a literature review or search for a consensus estimate.
Report the belief you currently endorse.

Quantity of interest:
- Name: Uncompensated wage elasticity of labor supply
- Definition: Percent change in annual hours worked from a 1 percent change in the net-of-tax wage, allowing both substitution and income effects and excluding participation responses.
- Target interpretation: Intensive-margin uncompensated annual-hours elasticity
- Population/context: Prime-age workers in the United States who are already working
- Units: elasticity

Task:
1. Use exactly the target interpretation above. In `interpretation`, restate it briefly.
2. Give your subjective quantiles p05, p25, p50, p75, and p95 for this quantity.
3. Set `point_estimate` equal to `p50`.
4. Make the quantiles weakly increasing and numerically coherent.
5. In `citations`, list up to 3 source anchors from memory that influenced your belief. These are recall anchors only. If none come to mind confidently, return `[]`.
6. Keep `reasoning_summary` brief and substantive.

Return valid JSON only with exactly this shape:
{
  ""interpretation"": ""..."",
  ""point_estimate"": <number>,
  ""quantiles"": {
    ""p05"": <number>,
    ""p25"": <number>,
    ""p50"": <number>,
    ""p75"": <number>,
    ""p95"": <number>
  },
  ""citations"": [""...""],
  ""reasoning_summary"": ""...""
}"
litellm_completion,claude-sonnet-4.6,labor_supply.marshallian_wage_elasticity.prime_age,11,v4,none,True,0.1,"Intensive-margin uncompensated annual-hours elasticity: percent change in annual hours worked by prime-age U.S. workers already employed for a 1 percent change in the net-of-tax wage, incorporating both substitution and income effects but excluding participation margin responses.",-0.05,0.35,0.9,"{""p05"": -0.05, ""p25"": 0.03, ""p50"": 0.1, ""p75"": 0.18, ""p95"": 0.35}",False,"Chetty (2012, Annual Review of Economics) — meta-analysis finding intensive-margin elasticity around 0.1–0.3 with a preferred structural estimate near 0.33 but lower OLS estimates | Keane (2011, Journal of Economic Literature) — survey suggesting male intensive-margin elasticities near 0.1 and female higher | MaCurdy (1981, JPE) — early lifecycle estimate of male intertemporal substitution, often cited for modest intensive-margin response","The empirical literature on intensive-margin labor supply for prime-age workers in the U.S. consistently finds small uncompensated elasticities. For men, estimates cluster near 0.0–0.15; for women they are somewhat larger (0.1–0.3) but still modest on the intensive margin. Chetty's (2012) meta-analysis places the hours-elasticity around 0.1–0.3 after correcting for optimization frictions. Given the population is all prime-age workers (mix of men and women), I center at 0.10 with meaningful uncertainty on either side, recognizing income and substitution effects partially offset and that some studies find near-zero or even slightly negative uncompensated elasticities.",,"{""interpretation"": ""Intensive-margin uncompensated annual-hours elasticity: percent change in annual hours worked by prime-age U.S. workers already employed for a 1 percent change in the net-of-tax wage, incorporating both substitution and income effects but excluding participation margin responses."", ""point_estimate"": 0.1, ""quantiles"": {""p05"": -0.05, ""p25"": 0.03, ""p50"": 0.1, ""p75"": 0.18, ""p95"": 0.35}, ""citations"": [""Chetty (2012, Annual Review of Economics) \u2014 meta-analysis finding intensive-margin elasticity around 0.1\u20130.3 with a preferred structural estimate near 0.33 but lower OLS estimates"", ""Keane (2011, Journal of Economic Literature) \u2014 survey suggesting male intensive-margin elasticities near 0.1 and female higher"", ""MaCurdy (1981, JPE) \u2014 early lifecycle estimate of male intertemporal substitution, often cited for modest intensive-margin response""], ""reasoning_summary"": ""The empirical literature on intensive-margin labor supply for prime-age workers in the U.S. consistently finds small uncompensated elasticities. For men, estimates cluster near 0.0\u20130.15; for women they are somewhat larger (0.1\u20130.3) but still modest on the intensive margin. Chetty's (2012) meta-analysis places the hours-elasticity around 0.1\u20130.3 after correcting for optimization frictions. Given the population is all prime-age workers (mix of men and women), I center at 0.10 with meaningful uncertainty on either side, recognizing income and substitution effects partially offset and that some studies find near-zero or even slightly negative uncompensated elasticities.""}","Answer from your current memory and background knowledge only.
Do not use tools, files, the web, code, or external resources.
Do not try to reconstruct a literature review or search for a consensus estimate.
Report the belief you currently endorse.

Quantity of interest:
- Name: Uncompensated wage elasticity of labor supply
- Definition: Percent change in annual hours worked from a 1 percent change in the net-of-tax wage, allowing both substitution and income effects and excluding participation responses.
- Target interpretation: Intensive-margin uncompensated annual-hours elasticity
- Population/context: Prime-age workers in the United States who are already working
- Units: elasticity

Task:
1. Use exactly the target interpretation above. In `interpretation`, restate it briefly.
2. Give your subjective quantiles p05, p25, p50, p75, and p95 for this quantity.
3. Set `point_estimate` equal to `p50`.
4. Make the quantiles weakly increasing and numerically coherent.
5. In `citations`, list up to 3 source anchors from memory that influenced your belief. These are recall anchors only. If none come to mind confidently, return `[]`.
6. Keep `reasoning_summary` brief and substantive.

Return valid JSON only with exactly this shape:
{
  ""interpretation"": ""..."",
  ""point_estimate"": <number>,
  ""quantiles"": {
    ""p05"": <number>,
    ""p25"": <number>,
    ""p50"": <number>,
    ""p75"": <number>,
    ""p95"": <number>
  },
  ""citations"": [""...""],
  ""reasoning_summary"": ""...""
}"
litellm_completion,claude-sonnet-4.6,labor_supply.marshallian_wage_elasticity.prime_age,12,v4,none,True,0.1,"Intensive-margin uncompensated annual-hours elasticity: percent change in annual hours worked for prime-age U.S. workers already employed, given a 1% change in the net-of-tax wage, incorporating both substitution and income effects but excluding extensive-margin (participation) responses.",-0.05,0.4,0.9,"{""p05"": -0.05, ""p25"": 0.03, ""p50"": 0.1, ""p75"": 0.2, ""p95"": 0.4}",False,"Keane (2011), 'Labor Supply and Taxes: A Survey,' Journal of Economic Literature — reviews a wide range of estimates and notes that intensive-margin uncompensated elasticities for prime-age men are typically small, near zero or slightly positive. | Chetty (2012), 'Bounds on Elasticities with Optimization Frictions,' AER — reconciles micro and macro estimates; implies intensive-margin uncompensated elasticity around 0.1–0.3 after accounting for frictions. | MaCurdy (1981), 'An Empirical Model of Labor Supply in a Life-Cycle Setting,' JPE — early structural estimate for men yielding compensated elasticities near 0.1–0.15, with uncompensated often smaller or near zero due to income effects.","The labor supply literature consistently finds that the intensive-margin uncompensated elasticity for prime-age employed U.S. workers is small and positive but close to zero. For men, estimates cluster near 0.0–0.15; for women the range is somewhat wider (0.1–0.4) but the uncompensated figure is moderated by income effects. A cross-group central estimate is around 0.10. The distribution is skewed slightly right (a few higher estimates exist, especially for secondary earners), and slightly negative values are plausible given strong income effects in some specifications. Extreme values above 0.4 or below -0.1 are unlikely for this population and margin.",,"{""interpretation"": ""Intensive-margin uncompensated annual-hours elasticity: percent change in annual hours worked for prime-age U.S. workers already employed, given a 1% change in the net-of-tax wage, incorporating both substitution and income effects but excluding extensive-margin (participation) responses."", ""point_estimate"": 0.1, ""quantiles"": {""p05"": -0.05, ""p25"": 0.03, ""p50"": 0.1, ""p75"": 0.2, ""p95"": 0.4}, ""citations"": [""Keane (2011), 'Labor Supply and Taxes: A Survey,' Journal of Economic Literature \u2014 reviews a wide range of estimates and notes that intensive-margin uncompensated elasticities for prime-age men are typically small, near zero or slightly positive."", ""Chetty (2012), 'Bounds on Elasticities with Optimization Frictions,' AER \u2014 reconciles micro and macro estimates; implies intensive-margin uncompensated elasticity around 0.1\u20130.3 after accounting for frictions."", ""MaCurdy (1981), 'An Empirical Model of Labor Supply in a Life-Cycle Setting,' JPE \u2014 early structural estimate for men yielding compensated elasticities near 0.1\u20130.15, with uncompensated often smaller or near zero due to income effects.""], ""reasoning_summary"": ""The labor supply literature consistently finds that the intensive-margin uncompensated elasticity for prime-age employed U.S. workers is small and positive but close to zero. For men, estimates cluster near 0.0\u20130.15; for women the range is somewhat wider (0.1\u20130.4) but the uncompensated figure is moderated by income effects. A cross-group central estimate is around 0.10. The distribution is skewed slightly right (a few higher estimates exist, especially for secondary earners), and slightly negative values are plausible given strong income effects in some specifications. Extreme values above 0.4 or below -0.1 are unlikely for this population and margin.""}","Answer from your current memory and background knowledge only.
Do not use tools, files, the web, code, or external resources.
Do not try to reconstruct a literature review or search for a consensus estimate.
Report the belief you currently endorse.

Quantity of interest:
- Name: Uncompensated wage elasticity of labor supply
- Definition: Percent change in annual hours worked from a 1 percent change in the net-of-tax wage, allowing both substitution and income effects and excluding participation responses.
- Target interpretation: Intensive-margin uncompensated annual-hours elasticity
- Population/context: Prime-age workers in the United States who are already working
- Units: elasticity

Task:
1. Use exactly the target interpretation above. In `interpretation`, restate it briefly.
2. Give your subjective quantiles p05, p25, p50, p75, and p95 for this quantity.
3. Set `point_estimate` equal to `p50`.
4. Make the quantiles weakly increasing and numerically coherent.
5. In `citations`, list up to 3 source anchors from memory that influenced your belief. These are recall anchors only. If none come to mind confidently, return `[]`.
6. Keep `reasoning_summary` brief and substantive.

Return valid JSON only with exactly this shape:
{
  ""interpretation"": ""..."",
  ""point_estimate"": <number>,
  ""quantiles"": {
    ""p05"": <number>,
    ""p25"": <number>,
    ""p50"": <number>,
    ""p75"": <number>,
    ""p95"": <number>
  },
  ""citations"": [""...""],
  ""reasoning_summary"": ""...""
}"
litellm_completion,claude-sonnet-4.6,labor_supply.marshallian_wage_elasticity.prime_age,13,v4,none,True,0.1,"Intensive-margin uncompensated annual-hours elasticity: percent change in annual hours worked for prime-age employed U.S. workers from a 1 percent change in the net-of-tax wage, incorporating both substitution and income effects and excluding the participation margin.",-0.1,0.4,0.9,"{""p05"": -0.1, ""p25"": 0.05, ""p50"": 0.1, ""p75"": 0.2, ""p95"": 0.4}",False,"MaCurdy (1981) – early structural estimate of male labor supply elasticity, finding small positive values around 0.1–0.15 | Keane (2011, Journal of Economic Literature) – survey finding most intensive-margin elasticities for prime-age males cluster near 0–0.2 | Chetty (2012, AEJ: Economic Policy) – meta-analysis/sufficient statistics review suggesting intensive-margin elasticity around 0.1–0.33 after accounting for optimization frictions","The labor supply literature consistently finds small intensive-margin uncompensated elasticities for prime-age employed workers. Income and substitution effects partially offset, compressing the uncompensated (Marshallian) elasticity below the compensated (Hicksian) one. Male workers typically show near-zero or slightly positive values (0.0–0.2); women historically showed larger values but estimates have converged downward in recent decades. A central estimate around 0.1 reflects the broad consensus from structural and quasi-experimental studies, with meaningful uncertainty spanning roughly -0.1 to 0.4 across plausible specifications and demographic subgroups.",,"{""interpretation"": ""Intensive-margin uncompensated annual-hours elasticity: percent change in annual hours worked for prime-age employed U.S. workers from a 1 percent change in the net-of-tax wage, incorporating both substitution and income effects and excluding the participation margin."", ""point_estimate"": 0.1, ""quantiles"": {""p05"": -0.1, ""p25"": 0.05, ""p50"": 0.1, ""p75"": 0.2, ""p95"": 0.4}, ""citations"": [""MaCurdy (1981) \u2013 early structural estimate of male labor supply elasticity, finding small positive values around 0.1\u20130.15"", ""Keane (2011, Journal of Economic Literature) \u2013 survey finding most intensive-margin elasticities for prime-age males cluster near 0\u20130.2"", ""Chetty (2012, AEJ: Economic Policy) \u2013 meta-analysis/sufficient statistics review suggesting intensive-margin elasticity around 0.1\u20130.33 after accounting for optimization frictions""], ""reasoning_summary"": ""The labor supply literature consistently finds small intensive-margin uncompensated elasticities for prime-age employed workers. Income and substitution effects partially offset, compressing the uncompensated (Marshallian) elasticity below the compensated (Hicksian) one. Male workers typically show near-zero or slightly positive values (0.0\u20130.2); women historically showed larger values but estimates have converged downward in recent decades. A central estimate around 0.1 reflects the broad consensus from structural and quasi-experimental studies, with meaningful uncertainty spanning roughly -0.1 to 0.4 across plausible specifications and demographic subgroups.""}","Answer from your current memory and background knowledge only.
Do not use tools, files, the web, code, or external resources.
Do not try to reconstruct a literature review or search for a consensus estimate.
Report the belief you currently endorse.

Quantity of interest:
- Name: Uncompensated wage elasticity of labor supply
- Definition: Percent change in annual hours worked from a 1 percent change in the net-of-tax wage, allowing both substitution and income effects and excluding participation responses.
- Target interpretation: Intensive-margin uncompensated annual-hours elasticity
- Population/context: Prime-age workers in the United States who are already working
- Units: elasticity

Task:
1. Use exactly the target interpretation above. In `interpretation`, restate it briefly.
2. Give your subjective quantiles p05, p25, p50, p75, and p95 for this quantity.
3. Set `point_estimate` equal to `p50`.
4. Make the quantiles weakly increasing and numerically coherent.
5. In `citations`, list up to 3 source anchors from memory that influenced your belief. These are recall anchors only. If none come to mind confidently, return `[]`.
6. Keep `reasoning_summary` brief and substantive.

Return valid JSON only with exactly this shape:
{
  ""interpretation"": ""..."",
  ""point_estimate"": <number>,
  ""quantiles"": {
    ""p05"": <number>,
    ""p25"": <number>,
    ""p50"": <number>,
    ""p75"": <number>,
    ""p95"": <number>
  },
  ""citations"": [""...""],
  ""reasoning_summary"": ""...""
}"
litellm_completion,claude-sonnet-4.6,labor_supply.marshallian_wage_elasticity.prime_age,14,v4,none,True,0.1,"Intensive-margin uncompensated annual-hours elasticity: percent change in annual hours worked for prime-age U.S. workers already employed, given a 1% change in the net-of-tax wage, including both substitution and income effects but excluding participation (extensive-margin) responses.",-0.05,0.35,0.9,"{""p05"": -0.05, ""p25"": 0.05, ""p50"": 0.1, ""p75"": 0.2, ""p95"": 0.35}",False,"Pencavel (1986), Handbook of Labor Economics — survey of male labor supply elasticities, finding small intensive-margin elasticities near 0.0–0.2 | Blundell & MaCurdy (1999), Handbook of Labor Economics — review finding uncompensated elasticities for prime-age workers typically in range 0.0–0.2 | Chetty (2012, AEJ: Applied) — meta-analysis suggesting micro intensive-margin elasticities cluster around 0.1 after correcting for frictions","The empirical literature on intensive-margin labor supply for prime-age U.S. workers consistently finds small uncompensated wage elasticities. For prime-age men, estimates are often close to zero or slightly positive (0.0–0.15). For prime-age women the substitution effect is larger but income effects offset it, keeping the uncompensated figure modest (0.1–0.3). Pooling across prime-age workers, the consensus from major surveys (Pencavel, Blundell & MaCurdy, Chetty) places the uncompensated intensive-margin elasticity roughly around 0.1, with meaningful uncertainty spanning roughly -0.05 to 0.35 across the distribution of credible estimates.",,"{""interpretation"": ""Intensive-margin uncompensated annual-hours elasticity: percent change in annual hours worked for prime-age U.S. workers already employed, given a 1% change in the net-of-tax wage, including both substitution and income effects but excluding participation (extensive-margin) responses."", ""point_estimate"": 0.1, ""quantiles"": {""p05"": -0.05, ""p25"": 0.05, ""p50"": 0.1, ""p75"": 0.2, ""p95"": 0.35}, ""citations"": [""Pencavel (1986), Handbook of Labor Economics \u2014 survey of male labor supply elasticities, finding small intensive-margin elasticities near 0.0\u20130.2"", ""Blundell & MaCurdy (1999), Handbook of Labor Economics \u2014 review finding uncompensated elasticities for prime-age workers typically in range 0.0\u20130.2"", ""Chetty (2012, AEJ: Applied) \u2014 meta-analysis suggesting micro intensive-margin elasticities cluster around 0.1 after correcting for frictions""], ""reasoning_summary"": ""The empirical literature on intensive-margin labor supply for prime-age U.S. workers consistently finds small uncompensated wage elasticities. For prime-age men, estimates are often close to zero or slightly positive (0.0\u20130.15). For prime-age women the substitution effect is larger but income effects offset it, keeping the uncompensated figure modest (0.1\u20130.3). Pooling across prime-age workers, the consensus from major surveys (Pencavel, Blundell & MaCurdy, Chetty) places the uncompensated intensive-margin elasticity roughly around 0.1, with meaningful uncertainty spanning roughly -0.05 to 0.35 across the distribution of credible estimates.""}","Answer from your current memory and background knowledge only.
Do not use tools, files, the web, code, or external resources.
Do not try to reconstruct a literature review or search for a consensus estimate.
Report the belief you currently endorse.

Quantity of interest:
- Name: Uncompensated wage elasticity of labor supply
- Definition: Percent change in annual hours worked from a 1 percent change in the net-of-tax wage, allowing both substitution and income effects and excluding participation responses.
- Target interpretation: Intensive-margin uncompensated annual-hours elasticity
- Population/context: Prime-age workers in the United States who are already working
- Units: elasticity

Task:
1. Use exactly the target interpretation above. In `interpretation`, restate it briefly.
2. Give your subjective quantiles p05, p25, p50, p75, and p95 for this quantity.
3. Set `point_estimate` equal to `p50`.
4. Make the quantiles weakly increasing and numerically coherent.
5. In `citations`, list up to 3 source anchors from memory that influenced your belief. These are recall anchors only. If none come to mind confidently, return `[]`.
6. Keep `reasoning_summary` brief and substantive.

Return valid JSON only with exactly this shape:
{
  ""interpretation"": ""..."",
  ""point_estimate"": <number>,
  ""quantiles"": {
    ""p05"": <number>,
    ""p25"": <number>,
    ""p50"": <number>,
    ""p75"": <number>,
    ""p95"": <number>
  },
  ""citations"": [""...""],
  ""reasoning_summary"": ""...""
}"
litellm_completion,claude-sonnet-4.6,labor_supply.marshallian_wage_elasticity.prime_age,15,v4,none,True,0.1,"Intensive-margin uncompensated annual-hours elasticity: percent change in annual hours worked for prime-age U.S. workers already employed, given a 1 percent change in the net-of-tax wage, including both substitution and income effects but excluding the extensive (participation) margin.",-0.1,0.4,0.9,"{""p05"": -0.1, ""p25"": 0.03, ""p50"": 0.1, ""p75"": 0.2, ""p95"": 0.4}",False,"MaCurdy (1981) – structural life-cycle estimates of the intertemporal substitution elasticity and uncompensated elasticity, typically near 0.1–0.2 for men | Pencavel (1986) – survey of male labor supply in Handbook of Labor Economics, concluding small uncompensated elasticities often close to zero or slightly positive | Blundell & MaCurdy (1999) – Handbook of Labor Economics review synthesizing intensive-margin estimates, suggesting uncompensated elasticities in the range 0.0–0.2 for prime-age men and somewhat higher for women","The empirical literature on intensive-margin labor supply for prime-age U.S. workers consistently finds small uncompensated (Marshallian) wage elasticities. For men, estimates cluster near zero to slightly positive (roughly 0.0–0.15), reflecting near-cancellation of substitution and income effects. For women, estimates are somewhat higher but have converged downward over time. Pooling both sexes and weighting by the working population, a central estimate around 0.10 seems defensible. The distribution is skewed slightly right (few studies find large positive elasticities; negative values are possible if income effects dominate) but uncertainty remains modest given the large literature.",,"{""interpretation"": ""Intensive-margin uncompensated annual-hours elasticity: percent change in annual hours worked for prime-age U.S. workers already employed, given a 1 percent change in the net-of-tax wage, including both substitution and income effects but excluding the extensive (participation) margin."", ""point_estimate"": 0.1, ""quantiles"": {""p05"": -0.1, ""p25"": 0.03, ""p50"": 0.1, ""p75"": 0.2, ""p95"": 0.4}, ""citations"": [""MaCurdy (1981) \u2013 structural life-cycle estimates of the intertemporal substitution elasticity and uncompensated elasticity, typically near 0.1\u20130.2 for men"", ""Pencavel (1986) \u2013 survey of male labor supply in Handbook of Labor Economics, concluding small uncompensated elasticities often close to zero or slightly positive"", ""Blundell & MaCurdy (1999) \u2013 Handbook of Labor Economics review synthesizing intensive-margin estimates, suggesting uncompensated elasticities in the range 0.0\u20130.2 for prime-age men and somewhat higher for women""], ""reasoning_summary"": ""The empirical literature on intensive-margin labor supply for prime-age U.S. workers consistently finds small uncompensated (Marshallian) wage elasticities. For men, estimates cluster near zero to slightly positive (roughly 0.0\u20130.15), reflecting near-cancellation of substitution and income effects. For women, estimates are somewhat higher but have converged downward over time. Pooling both sexes and weighting by the working population, a central estimate around 0.10 seems defensible. The distribution is skewed slightly right (few studies find large positive elasticities; negative values are possible if income effects dominate) but uncertainty remains modest given the large literature.""}","Answer from your current memory and background knowledge only.
Do not use tools, files, the web, code, or external resources.
Do not try to reconstruct a literature review or search for a consensus estimate.
Report the belief you currently endorse.

Quantity of interest:
- Name: Uncompensated wage elasticity of labor supply
- Definition: Percent change in annual hours worked from a 1 percent change in the net-of-tax wage, allowing both substitution and income effects and excluding participation responses.
- Target interpretation: Intensive-margin uncompensated annual-hours elasticity
- Population/context: Prime-age workers in the United States who are already working
- Units: elasticity

Task:
1. Use exactly the target interpretation above. In `interpretation`, restate it briefly.
2. Give your subjective quantiles p05, p25, p50, p75, and p95 for this quantity.
3. Set `point_estimate` equal to `p50`.
4. Make the quantiles weakly increasing and numerically coherent.
5. In `citations`, list up to 3 source anchors from memory that influenced your belief. These are recall anchors only. If none come to mind confidently, return `[]`.
6. Keep `reasoning_summary` brief and substantive.

Return valid JSON only with exactly this shape:
{
  ""interpretation"": ""..."",
  ""point_estimate"": <number>,
  ""quantiles"": {
    ""p05"": <number>,
    ""p25"": <number>,
    ""p50"": <number>,
    ""p75"": <number>,
    ""p95"": <number>
  },
  ""citations"": [""...""],
  ""reasoning_summary"": ""...""
}"
