provider,model_name,quantity_id,run_index,prompt_version,tool_regime,parsed_ok,point_estimate,interpretation,lower_bound,upper_bound,confidence_level,quantiles,citations,reasoning_summary,error,raw_response,prompt
openai_chat_completions,gpt-5.4-mini,labor_supply.income_elasticity.prime_age,1,income-signfix,none,True,-0.04,"Intensive-margin annual-hours elasticity conditional on employment for prime-age U.S. workers: percent change in annual hours worked from a 1% increase in non-labor income, holding the net-of-tax wage fixed and excluding participation responses.",-0.12,0.03,0.9,"{""p05"": -0.12, ""p25"": -0.07, ""p50"": -0.04, ""p75"": -0.01, ""p95"": 0.03}","Moffitt (1984) labor supply elasticities | Blundell & MaCurdy (1999) review on labor supply | Saez, Slemrod & Giertz (2012) on labor supply elasticities","For prime-age employed workers, I expect a small negative income effect on hours, typically modest in magnitude once participation is excluded. My central belief is near zero but slightly negative, with most probability mass between about -0.1 and 0.0 and a small chance of a tiny positive effect.",,"{""interpretation"":""Intensive-margin annual-hours elasticity conditional on employment for prime-age U.S. workers: percent change in annual hours worked from a 1% increase in non-labor income, holding the net-of-tax wage fixed and excluding participation responses."",""point_estimate"":-0.04,""quantiles"":{""p05"":-0.12,""p25"":-0.07,""p50"":-0.04,""p75"":-0.01,""p95"":0.03},""citations"":[""Moffitt (1984) labor supply elasticities"",""Blundell & MaCurdy (1999) review on labor supply"",""Saez, Slemrod & Giertz (2012) on labor supply elasticities""],""reasoning_summary"":""For prime-age employed workers, I expect a small negative income effect on hours, typically modest in magnitude once participation is excluded. My central belief is near zero but slightly negative, with most probability mass between about -0.1 and 0.0 and a small chance of a tiny positive effect.""}","Answer from your current memory and background knowledge only.
Do not use tools, files, the web, code, or external resources.
Do not try to reconstruct a literature review or search for a consensus estimate.
Report the belief you currently endorse.

Quantity of interest:
- Name: Income elasticity of labor supply
- Definition: Percent change in annual hours worked from a 1 percent increase in non-labor income, holding the net-of-tax wage fixed and excluding participation responses.
- Target interpretation: Intensive-margin annual-hours elasticity conditional on employment
- Population/context: Prime-age workers in the United States who are already working
- Units: elasticity

Sign convention for this quantity:
- A positive elasticity means individuals work more when they have more resources.
- A negative elasticity means individuals work less when they have more resources.
- Under the definition above, if additional non-labor income reduces annual hours worked, the elasticity should be negative.

Task:
1. Use exactly the target interpretation above. In `interpretation`, restate it briefly.
2. Give your subjective quantiles p05, p25, p50, p75, and p95 for this quantity.
3. Set `point_estimate` equal to `p50`.
4. Make the quantiles weakly increasing and numerically coherent.
5. In `citations`, list up to 3 source anchors from memory that influenced your belief. These are recall anchors only. If none come to mind confidently, return `[]`.
6. Keep `reasoning_summary` brief and substantive.

Return valid JSON only with exactly this shape:
{
  ""interpretation"": ""..."",
  ""point_estimate"": <number>,
  ""quantiles"": {
    ""p05"": <number>,
    ""p25"": <number>,
    ""p50"": <number>,
    ""p75"": <number>,
    ""p95"": <number>
  },
  ""citations"": [""...""],
  ""reasoning_summary"": ""...""
}"
openai_chat_completions,gpt-5.4-mini,labor_supply.income_elasticity.prime_age,2,income-signfix,none,True,-0.08,"Intensive-margin annual-hours elasticity conditional on employment for prime-age U.S. workers: percent change in annual hours worked from a 1% increase in non-labor income, holding the net-of-tax wage fixed and excluding participation responses.",-0.25,0.05,0.9,"{""p05"": -0.25, ""p25"": -0.12, ""p50"": -0.08, ""p75"": -0.03, ""p95"": 0.05}",Mulligan (The New Economics of Labor Supply) | Heckman's labor supply framework / income effect on hours | CPS-style intensive margin labor supply intuition,My prior is that the conditional hours response to non-labor income is small and negative for prime-age employed workers: income effects exist but are modest once participation is excluded and wages are held fixed. I allow some probability mass near zero and a small chance of a slightly positive estimate from measurement or heterogeneity.,,"{""interpretation"":""Intensive-margin annual-hours elasticity conditional on employment for prime-age U.S. workers: percent change in annual hours worked from a 1% increase in non-labor income, holding the net-of-tax wage fixed and excluding participation responses."",""point_estimate"":-0.08,""quantiles"":{""p05"":-0.25,""p25"":-0.12,""p50"":-0.08,""p75"":-0.03,""p95"":0.05},""citations"":[""Mulligan (The New Economics of Labor Supply)"",""Heckman's labor supply framework / income effect on hours"",""CPS-style intensive margin labor supply intuition""],""reasoning_summary"":""My prior is that the conditional hours response to non-labor income is small and negative for prime-age employed workers: income effects exist but are modest once participation is excluded and wages are held fixed. I allow some probability mass near zero and a small chance of a slightly positive estimate from measurement or heterogeneity.""}","Answer from your current memory and background knowledge only.
Do not use tools, files, the web, code, or external resources.
Do not try to reconstruct a literature review or search for a consensus estimate.
Report the belief you currently endorse.

Quantity of interest:
- Name: Income elasticity of labor supply
- Definition: Percent change in annual hours worked from a 1 percent increase in non-labor income, holding the net-of-tax wage fixed and excluding participation responses.
- Target interpretation: Intensive-margin annual-hours elasticity conditional on employment
- Population/context: Prime-age workers in the United States who are already working
- Units: elasticity

Sign convention for this quantity:
- A positive elasticity means individuals work more when they have more resources.
- A negative elasticity means individuals work less when they have more resources.
- Under the definition above, if additional non-labor income reduces annual hours worked, the elasticity should be negative.

Task:
1. Use exactly the target interpretation above. In `interpretation`, restate it briefly.
2. Give your subjective quantiles p05, p25, p50, p75, and p95 for this quantity.
3. Set `point_estimate` equal to `p50`.
4. Make the quantiles weakly increasing and numerically coherent.
5. In `citations`, list up to 3 source anchors from memory that influenced your belief. These are recall anchors only. If none come to mind confidently, return `[]`.
6. Keep `reasoning_summary` brief and substantive.

Return valid JSON only with exactly this shape:
{
  ""interpretation"": ""..."",
  ""point_estimate"": <number>,
  ""quantiles"": {
    ""p05"": <number>,
    ""p25"": <number>,
    ""p50"": <number>,
    ""p75"": <number>,
    ""p95"": <number>
  },
  ""citations"": [""...""],
  ""reasoning_summary"": ""...""
}"
openai_chat_completions,gpt-5.4-mini,labor_supply.income_elasticity.prime_age,3,income-signfix,none,True,-0.07,"Intensive-margin annual-hours elasticity conditional on employment for prime-age U.S. workers: percent change in annual hours worked from a 1% increase in non-labor income, holding the net-of-tax wage fixed and excluding participation responses.",-0.2,0.02,0.9,"{""p05"": -0.2, ""p25"": -0.12, ""p50"": -0.07, ""p75"": -0.03, ""p95"": 0.02}","labor supply income effect standard micro estimate | MaCurdy (1981) | Blundell, Duncan, McCrae, Meghir (1998)","For employed prime-age workers, I expect the intensive-margin income effect to be small and negative: extra non-labor income slightly reduces desired hours, but the response is usually modest once participation is held fixed. My median is near zero with a left tail allowing somewhat larger negative responses and a small chance of near-zero or slightly positive estimates.",,"{""interpretation"":""Intensive-margin annual-hours elasticity conditional on employment for prime-age U.S. workers: percent change in annual hours worked from a 1% increase in non-labor income, holding the net-of-tax wage fixed and excluding participation responses."",""point_estimate"":-0.07,""quantiles"":{""p05"":-0.2,""p25"":-0.12,""p50"":-0.07,""p75"":-0.03,""p95"":0.02},""citations"":[""labor supply income effect standard micro estimate"",""MaCurdy (1981)"",""Blundell, Duncan, McCrae, Meghir (1998)""],""reasoning_summary"":""For employed prime-age workers, I expect the intensive-margin income effect to be small and negative: extra non-labor income slightly reduces desired hours, but the response is usually modest once participation is held fixed. My median is near zero with a left tail allowing somewhat larger negative responses and a small chance of near-zero or slightly positive estimates.""}","Answer from your current memory and background knowledge only.
Do not use tools, files, the web, code, or external resources.
Do not try to reconstruct a literature review or search for a consensus estimate.
Report the belief you currently endorse.

Quantity of interest:
- Name: Income elasticity of labor supply
- Definition: Percent change in annual hours worked from a 1 percent increase in non-labor income, holding the net-of-tax wage fixed and excluding participation responses.
- Target interpretation: Intensive-margin annual-hours elasticity conditional on employment
- Population/context: Prime-age workers in the United States who are already working
- Units: elasticity

Sign convention for this quantity:
- A positive elasticity means individuals work more when they have more resources.
- A negative elasticity means individuals work less when they have more resources.
- Under the definition above, if additional non-labor income reduces annual hours worked, the elasticity should be negative.

Task:
1. Use exactly the target interpretation above. In `interpretation`, restate it briefly.
2. Give your subjective quantiles p05, p25, p50, p75, and p95 for this quantity.
3. Set `point_estimate` equal to `p50`.
4. Make the quantiles weakly increasing and numerically coherent.
5. In `citations`, list up to 3 source anchors from memory that influenced your belief. These are recall anchors only. If none come to mind confidently, return `[]`.
6. Keep `reasoning_summary` brief and substantive.

Return valid JSON only with exactly this shape:
{
  ""interpretation"": ""..."",
  ""point_estimate"": <number>,
  ""quantiles"": {
    ""p05"": <number>,
    ""p25"": <number>,
    ""p50"": <number>,
    ""p75"": <number>,
    ""p95"": <number>
  },
  ""citations"": [""...""],
  ""reasoning_summary"": ""...""
}"
openai_chat_completions,gpt-5.4-mini,labor_supply.income_elasticity.prime_age,4,income-signfix,none,True,-0.07,"Intensive-margin annual-hours elasticity conditional on employment for prime-age U.S. workers, holding the net-of-tax wage fixed and excluding participation responses.",-0.2,0.02,0.9,"{""p05"": -0.2, ""p25"": -0.12, ""p50"": -0.07, ""p75"": -0.03, ""p95"": 0.02}","MaCurdy (1981) | Blundell, Browning, and Meghir (1998) | CBO labor supply elasticity discussions","For already-employed prime-age workers, I think the income effect on annual hours is small and typically negative, with most of the mass near zero. Conditional intensive-margin hours responses to non-labor income are usually modest, much smaller than participation responses.",,"{""interpretation"":""Intensive-margin annual-hours elasticity conditional on employment for prime-age U.S. workers, holding the net-of-tax wage fixed and excluding participation responses."",""point_estimate"":-0.07,""quantiles"":{""p05"":-0.2,""p25"":-0.12,""p50"":-0.07,""p75"":-0.03,""p95"":0.02},""citations"":[""MaCurdy (1981)"",""Blundell, Browning, and Meghir (1998)"",""CBO labor supply elasticity discussions""],""reasoning_summary"":""For already-employed prime-age workers, I think the income effect on annual hours is small and typically negative, with most of the mass near zero. Conditional intensive-margin hours responses to non-labor income are usually modest, much smaller than participation responses.""}","Answer from your current memory and background knowledge only.
Do not use tools, files, the web, code, or external resources.
Do not try to reconstruct a literature review or search for a consensus estimate.
Report the belief you currently endorse.

Quantity of interest:
- Name: Income elasticity of labor supply
- Definition: Percent change in annual hours worked from a 1 percent increase in non-labor income, holding the net-of-tax wage fixed and excluding participation responses.
- Target interpretation: Intensive-margin annual-hours elasticity conditional on employment
- Population/context: Prime-age workers in the United States who are already working
- Units: elasticity

Sign convention for this quantity:
- A positive elasticity means individuals work more when they have more resources.
- A negative elasticity means individuals work less when they have more resources.
- Under the definition above, if additional non-labor income reduces annual hours worked, the elasticity should be negative.

Task:
1. Use exactly the target interpretation above. In `interpretation`, restate it briefly.
2. Give your subjective quantiles p05, p25, p50, p75, and p95 for this quantity.
3. Set `point_estimate` equal to `p50`.
4. Make the quantiles weakly increasing and numerically coherent.
5. In `citations`, list up to 3 source anchors from memory that influenced your belief. These are recall anchors only. If none come to mind confidently, return `[]`.
6. Keep `reasoning_summary` brief and substantive.

Return valid JSON only with exactly this shape:
{
  ""interpretation"": ""..."",
  ""point_estimate"": <number>,
  ""quantiles"": {
    ""p05"": <number>,
    ""p25"": <number>,
    ""p50"": <number>,
    ""p75"": <number>,
    ""p95"": <number>
  },
  ""citations"": [""...""],
  ""reasoning_summary"": ""...""
}"
openai_chat_completions,gpt-5.4-mini,labor_supply.income_elasticity.prime_age,5,income-signfix,none,True,-0.08,"Intensive-margin annual-hours elasticity conditional on employment for prime-age U.S. workers: percent change in annual hours worked from a 1% increase in non-labor income, holding the net-of-tax wage fixed and excluding participation responses.",-0.25,0.05,0.9,"{""p05"": -0.25, ""p25"": -0.12, ""p50"": -0.08, ""p75"": -0.03, ""p95"": 0.05}",Moffitt (1990) labor supply survey intuition | Blundell & MaCurdy (1999) labor supply review | Hausman-style static labor supply model,"My prior is that conditional hours effects of non-labor income for prime-age employed U.S. workers are small and modestly negative, with substantial heterogeneity around zero. I place most mass between about -0.12 and 0, but allow some positive values for individuals whose hours rise with wealth or reduced financial stress.",,"{""interpretation"":""Intensive-margin annual-hours elasticity conditional on employment for prime-age U.S. workers: percent change in annual hours worked from a 1% increase in non-labor income, holding the net-of-tax wage fixed and excluding participation responses."",""point_estimate"":-0.08,""quantiles"":{""p05"":-0.25,""p25"":-0.12,""p50"":-0.08,""p75"":-0.03,""p95"":0.05},""citations"":[""Moffitt (1990) labor supply survey intuition"",""Blundell & MaCurdy (1999) labor supply review"",""Hausman-style static labor supply model""],""reasoning_summary"":""My prior is that conditional hours effects of non-labor income for prime-age employed U.S. workers are small and modestly negative, with substantial heterogeneity around zero. I place most mass between about -0.12 and 0, but allow some positive values for individuals whose hours rise with wealth or reduced financial stress.""}","Answer from your current memory and background knowledge only.
Do not use tools, files, the web, code, or external resources.
Do not try to reconstruct a literature review or search for a consensus estimate.
Report the belief you currently endorse.

Quantity of interest:
- Name: Income elasticity of labor supply
- Definition: Percent change in annual hours worked from a 1 percent increase in non-labor income, holding the net-of-tax wage fixed and excluding participation responses.
- Target interpretation: Intensive-margin annual-hours elasticity conditional on employment
- Population/context: Prime-age workers in the United States who are already working
- Units: elasticity

Sign convention for this quantity:
- A positive elasticity means individuals work more when they have more resources.
- A negative elasticity means individuals work less when they have more resources.
- Under the definition above, if additional non-labor income reduces annual hours worked, the elasticity should be negative.

Task:
1. Use exactly the target interpretation above. In `interpretation`, restate it briefly.
2. Give your subjective quantiles p05, p25, p50, p75, and p95 for this quantity.
3. Set `point_estimate` equal to `p50`.
4. Make the quantiles weakly increasing and numerically coherent.
5. In `citations`, list up to 3 source anchors from memory that influenced your belief. These are recall anchors only. If none come to mind confidently, return `[]`.
6. Keep `reasoning_summary` brief and substantive.

Return valid JSON only with exactly this shape:
{
  ""interpretation"": ""..."",
  ""point_estimate"": <number>,
  ""quantiles"": {
    ""p05"": <number>,
    ""p25"": <number>,
    ""p50"": <number>,
    ""p75"": <number>,
    ""p95"": <number>
  },
  ""citations"": [""...""],
  ""reasoning_summary"": ""...""
}"
openai_chat_completions,gpt-5.4-mini,labor_supply.income_elasticity.prime_age,6,income-signfix,none,True,-0.08,"Intensive-margin annual-hours elasticity of already-working prime-age U.S. workers with respect to non-labor income, holding the net-of-tax wage fixed and excluding participation responses.",-0.2,0.03,0.9,"{""p05"": -0.2, ""p25"": -0.12, ""p50"": -0.08, ""p75"": -0.03, ""p95"": 0.03}",Rogerson and Wallenius on labor supply elasticities | Keane review on labor supply and taxable income responses | CPS-style micro labor supply intuition from standard macro/public finance models,"For employed prime-age workers, I expect the intensive margin hours response to non-labor income to be small and slightly negative: extra wealth modestly relaxes labor supply, but the effect is limited because the quantity excludes participation and holds the wage fixed. I assign substantial mass near zero, with a modest left tail for stronger income effects.",,"{""interpretation"":""Intensive-margin annual-hours elasticity of already-working prime-age U.S. workers with respect to non-labor income, holding the net-of-tax wage fixed and excluding participation responses."",""point_estimate"":-0.08,""quantiles"":{""p05"":-0.2,""p25"":-0.12,""p50"":-0.08,""p75"":-0.03,""p95"":0.03},""citations"":[""Rogerson and Wallenius on labor supply elasticities"",""Keane review on labor supply and taxable income responses"",""CPS-style micro labor supply intuition from standard macro/public finance models""],""reasoning_summary"":""For employed prime-age workers, I expect the intensive margin hours response to non-labor income to be small and slightly negative: extra wealth modestly relaxes labor supply, but the effect is limited because the quantity excludes participation and holds the wage fixed. I assign substantial mass near zero, with a modest left tail for stronger income effects.""}","Answer from your current memory and background knowledge only.
Do not use tools, files, the web, code, or external resources.
Do not try to reconstruct a literature review or search for a consensus estimate.
Report the belief you currently endorse.

Quantity of interest:
- Name: Income elasticity of labor supply
- Definition: Percent change in annual hours worked from a 1 percent increase in non-labor income, holding the net-of-tax wage fixed and excluding participation responses.
- Target interpretation: Intensive-margin annual-hours elasticity conditional on employment
- Population/context: Prime-age workers in the United States who are already working
- Units: elasticity

Sign convention for this quantity:
- A positive elasticity means individuals work more when they have more resources.
- A negative elasticity means individuals work less when they have more resources.
- Under the definition above, if additional non-labor income reduces annual hours worked, the elasticity should be negative.

Task:
1. Use exactly the target interpretation above. In `interpretation`, restate it briefly.
2. Give your subjective quantiles p05, p25, p50, p75, and p95 for this quantity.
3. Set `point_estimate` equal to `p50`.
4. Make the quantiles weakly increasing and numerically coherent.
5. In `citations`, list up to 3 source anchors from memory that influenced your belief. These are recall anchors only. If none come to mind confidently, return `[]`.
6. Keep `reasoning_summary` brief and substantive.

Return valid JSON only with exactly this shape:
{
  ""interpretation"": ""..."",
  ""point_estimate"": <number>,
  ""quantiles"": {
    ""p05"": <number>,
    ""p25"": <number>,
    ""p50"": <number>,
    ""p75"": <number>,
    ""p95"": <number>
  },
  ""citations"": [""...""],
  ""reasoning_summary"": ""...""
}"
openai_chat_completions,gpt-5.4-mini,labor_supply.income_elasticity.prime_age,7,income-signfix,none,True,-0.04,"Intensive-margin annual-hours elasticity conditional on employment for prime-age U.S. workers: percent change in annual hours worked from a 1% increase in non-labor income, holding the net-of-tax wage fixed and excluding participation responses.",-0.12,0.03,0.9,"{""p05"": -0.12, ""p25"": -0.07, ""p50"": -0.04, ""p75"": -0.01, ""p95"": 0.03}","Heckman’s labor supply framework / extensive–intensive margin distinction | Blundell, MaCurdy labor supply survey | Mroz (1987) and related male labor supply estimates","My prior is that the conditional intensive-margin income elasticity for prime-age employed U.S. workers is small and slightly negative: higher non-labor income modestly reduces hours, but the effect is close to zero once participation is excluded. I allow some probability mass around zero and a small positive tail.",,"{""interpretation"":""Intensive-margin annual-hours elasticity conditional on employment for prime-age U.S. workers: percent change in annual hours worked from a 1% increase in non-labor income, holding the net-of-tax wage fixed and excluding participation responses."",""point_estimate"":-0.04,""quantiles"":{""p05"":-0.12,""p25"":-0.07,""p50"":-0.04,""p75"":-0.01,""p95"":0.03},""citations"":[""Heckman’s labor supply framework / extensive–intensive margin distinction"",""Blundell, MaCurdy labor supply survey"",""Mroz (1987) and related male labor supply estimates""],""reasoning_summary"":""My prior is that the conditional intensive-margin income elasticity for prime-age employed U.S. workers is small and slightly negative: higher non-labor income modestly reduces hours, but the effect is close to zero once participation is excluded. I allow some probability mass around zero and a small positive tail.""}","Answer from your current memory and background knowledge only.
Do not use tools, files, the web, code, or external resources.
Do not try to reconstruct a literature review or search for a consensus estimate.
Report the belief you currently endorse.

Quantity of interest:
- Name: Income elasticity of labor supply
- Definition: Percent change in annual hours worked from a 1 percent increase in non-labor income, holding the net-of-tax wage fixed and excluding participation responses.
- Target interpretation: Intensive-margin annual-hours elasticity conditional on employment
- Population/context: Prime-age workers in the United States who are already working
- Units: elasticity

Sign convention for this quantity:
- A positive elasticity means individuals work more when they have more resources.
- A negative elasticity means individuals work less when they have more resources.
- Under the definition above, if additional non-labor income reduces annual hours worked, the elasticity should be negative.

Task:
1. Use exactly the target interpretation above. In `interpretation`, restate it briefly.
2. Give your subjective quantiles p05, p25, p50, p75, and p95 for this quantity.
3. Set `point_estimate` equal to `p50`.
4. Make the quantiles weakly increasing and numerically coherent.
5. In `citations`, list up to 3 source anchors from memory that influenced your belief. These are recall anchors only. If none come to mind confidently, return `[]`.
6. Keep `reasoning_summary` brief and substantive.

Return valid JSON only with exactly this shape:
{
  ""interpretation"": ""..."",
  ""point_estimate"": <number>,
  ""quantiles"": {
    ""p05"": <number>,
    ""p25"": <number>,
    ""p50"": <number>,
    ""p75"": <number>,
    ""p95"": <number>
  },
  ""citations"": [""...""],
  ""reasoning_summary"": ""...""
}"
openai_chat_completions,gpt-5.4-mini,labor_supply.income_elasticity.prime_age,8,income-signfix,none,True,-0.05,"Intensive-margin annual-hours elasticity conditional on employment for prime-age U.S. workers: percent change in annual hours worked from a 1% increase in non-labor income, holding the net-of-tax wage fixed and excluding participation responses.",-0.2,0.1,0.9,"{""p05"": -0.2, ""p25"": -0.1, ""p50"": -0.05, ""p75"": 0.0, ""p95"": 0.1}","Blundell, MaCurdy, Meghir on labor supply elasticities | Cohen/Keane-style labor supply estimates in modern macro labor literature | Saez, Slemrod, Giertz on taxable income vs labor supply intuition","For already-working prime-age Americans, I expect the intensive margin of annual hours to be only slightly responsive to non-labor income once wage incentives are held fixed. Most of the effect should be near zero, with modest negative responses more likely than positive ones.",,"{""interpretation"":""Intensive-margin annual-hours elasticity conditional on employment for prime-age U.S. workers: percent change in annual hours worked from a 1% increase in non-labor income, holding the net-of-tax wage fixed and excluding participation responses."",""point_estimate"":-0.05,""quantiles"":{""p05"":-0.2,""p25"":-0.1,""p50"":-0.05,""p75"":0.0,""p95"":0.1},""citations"":[""Blundell, MaCurdy, Meghir on labor supply elasticities"",""Cohen/Keane-style labor supply estimates in modern macro labor literature"",""Saez, Slemrod, Giertz on taxable income vs labor supply intuition""],""reasoning_summary"":""For already-working prime-age Americans, I expect the intensive margin of annual hours to be only slightly responsive to non-labor income once wage incentives are held fixed. Most of the effect should be near zero, with modest negative responses more likely than positive ones.""}","Answer from your current memory and background knowledge only.
Do not use tools, files, the web, code, or external resources.
Do not try to reconstruct a literature review or search for a consensus estimate.
Report the belief you currently endorse.

Quantity of interest:
- Name: Income elasticity of labor supply
- Definition: Percent change in annual hours worked from a 1 percent increase in non-labor income, holding the net-of-tax wage fixed and excluding participation responses.
- Target interpretation: Intensive-margin annual-hours elasticity conditional on employment
- Population/context: Prime-age workers in the United States who are already working
- Units: elasticity

Sign convention for this quantity:
- A positive elasticity means individuals work more when they have more resources.
- A negative elasticity means individuals work less when they have more resources.
- Under the definition above, if additional non-labor income reduces annual hours worked, the elasticity should be negative.

Task:
1. Use exactly the target interpretation above. In `interpretation`, restate it briefly.
2. Give your subjective quantiles p05, p25, p50, p75, and p95 for this quantity.
3. Set `point_estimate` equal to `p50`.
4. Make the quantiles weakly increasing and numerically coherent.
5. In `citations`, list up to 3 source anchors from memory that influenced your belief. These are recall anchors only. If none come to mind confidently, return `[]`.
6. Keep `reasoning_summary` brief and substantive.

Return valid JSON only with exactly this shape:
{
  ""interpretation"": ""..."",
  ""point_estimate"": <number>,
  ""quantiles"": {
    ""p05"": <number>,
    ""p25"": <number>,
    ""p50"": <number>,
    ""p75"": <number>,
    ""p95"": <number>
  },
  ""citations"": [""...""],
  ""reasoning_summary"": ""...""
}"
openai_chat_completions,gpt-5.4-mini,labor_supply.income_elasticity.prime_age,9,income-signfix,none,True,-0.08,"Intensive-margin annual-hours elasticity conditional on employment for prime-age U.S. workers already working: percent change in annual hours worked from a 1% increase in non-labor income, holding the net-of-tax wage fixed and excluding participation responses.",-0.25,0.02,0.9,"{""p05"": -0.25, ""p25"": -0.12, ""p50"": -0.08, ""p75"": -0.03, ""p95"": 0.02}",Heckman labor supply elasticity discussions | Mroz (1987) married women labor supply as a benchmark | Blundell and MaCurdy labor supply survey,"For prime-age employed workers, I expect a small negative income effect on hours: additional non-labor income slightly reduces hours, but conditional intensive-margin responses are modest and often near zero in modern estimates.",,"{""interpretation"":""Intensive-margin annual-hours elasticity conditional on employment for prime-age U.S. workers already working: percent change in annual hours worked from a 1% increase in non-labor income, holding the net-of-tax wage fixed and excluding participation responses."",""point_estimate"":-0.08,""quantiles"":{""p05"":-0.25,""p25"":-0.12,""p50"":-0.08,""p75"":-0.03,""p95"":0.02},""citations"":[""Heckman labor supply elasticity discussions"",""Mroz (1987) married women labor supply as a benchmark"",""Blundell and MaCurdy labor supply survey""],""reasoning_summary"":""For prime-age employed workers, I expect a small negative income effect on hours: additional non-labor income slightly reduces hours, but conditional intensive-margin responses are modest and often near zero in modern estimates.""}","Answer from your current memory and background knowledge only.
Do not use tools, files, the web, code, or external resources.
Do not try to reconstruct a literature review or search for a consensus estimate.
Report the belief you currently endorse.

Quantity of interest:
- Name: Income elasticity of labor supply
- Definition: Percent change in annual hours worked from a 1 percent increase in non-labor income, holding the net-of-tax wage fixed and excluding participation responses.
- Target interpretation: Intensive-margin annual-hours elasticity conditional on employment
- Population/context: Prime-age workers in the United States who are already working
- Units: elasticity

Sign convention for this quantity:
- A positive elasticity means individuals work more when they have more resources.
- A negative elasticity means individuals work less when they have more resources.
- Under the definition above, if additional non-labor income reduces annual hours worked, the elasticity should be negative.

Task:
1. Use exactly the target interpretation above. In `interpretation`, restate it briefly.
2. Give your subjective quantiles p05, p25, p50, p75, and p95 for this quantity.
3. Set `point_estimate` equal to `p50`.
4. Make the quantiles weakly increasing and numerically coherent.
5. In `citations`, list up to 3 source anchors from memory that influenced your belief. These are recall anchors only. If none come to mind confidently, return `[]`.
6. Keep `reasoning_summary` brief and substantive.

Return valid JSON only with exactly this shape:
{
  ""interpretation"": ""..."",
  ""point_estimate"": <number>,
  ""quantiles"": {
    ""p05"": <number>,
    ""p25"": <number>,
    ""p50"": <number>,
    ""p75"": <number>,
    ""p95"": <number>
  },
  ""citations"": [""...""],
  ""reasoning_summary"": ""...""
}"
openai_chat_completions,gpt-5.4-mini,labor_supply.income_elasticity.prime_age,10,income-signfix,none,True,-0.08,"Intensive-margin annual-hours elasticity conditional on employment for prime-age U.S. workers already working: percent change in annual hours from a 1% increase in non-labor income, holding the net-of-tax wage fixed and excluding participation responses.",-0.2,0.02,0.9,"{""p05"": -0.2, ""p25"": -0.12, ""p50"": -0.08, ""p75"": -0.03, ""p95"": 0.02}","Blundell, MaCurdy, and Meghir-style labor supply elasticities | Keane labor supply survey discussions | standard Hicksian/compensated labor supply intuition","For prime-age employed workers, intensive-hours responses to non-labor income are usually small in absolute value, with a modest negative sign from income effects. I place most mass near zero, allowing a small chance of slightly positive estimates due to heterogeneity and measurement noise.",,"{""interpretation"":""Intensive-margin annual-hours elasticity conditional on employment for prime-age U.S. workers already working: percent change in annual hours from a 1% increase in non-labor income, holding the net-of-tax wage fixed and excluding participation responses."",""point_estimate"":-0.08,""quantiles"":{""p05"":-0.2,""p25"":-0.12,""p50"":-0.08,""p75"":-0.03,""p95"":0.02},""citations"":[""Blundell, MaCurdy, and Meghir-style labor supply elasticities"",""Keane labor supply survey discussions"",""standard Hicksian/compensated labor supply intuition""],""reasoning_summary"":""For prime-age employed workers, intensive-hours responses to non-labor income are usually small in absolute value, with a modest negative sign from income effects. I place most mass near zero, allowing a small chance of slightly positive estimates due to heterogeneity and measurement noise.""}","Answer from your current memory and background knowledge only.
Do not use tools, files, the web, code, or external resources.
Do not try to reconstruct a literature review or search for a consensus estimate.
Report the belief you currently endorse.

Quantity of interest:
- Name: Income elasticity of labor supply
- Definition: Percent change in annual hours worked from a 1 percent increase in non-labor income, holding the net-of-tax wage fixed and excluding participation responses.
- Target interpretation: Intensive-margin annual-hours elasticity conditional on employment
- Population/context: Prime-age workers in the United States who are already working
- Units: elasticity

Sign convention for this quantity:
- A positive elasticity means individuals work more when they have more resources.
- A negative elasticity means individuals work less when they have more resources.
- Under the definition above, if additional non-labor income reduces annual hours worked, the elasticity should be negative.

Task:
1. Use exactly the target interpretation above. In `interpretation`, restate it briefly.
2. Give your subjective quantiles p05, p25, p50, p75, and p95 for this quantity.
3. Set `point_estimate` equal to `p50`.
4. Make the quantiles weakly increasing and numerically coherent.
5. In `citations`, list up to 3 source anchors from memory that influenced your belief. These are recall anchors only. If none come to mind confidently, return `[]`.
6. Keep `reasoning_summary` brief and substantive.

Return valid JSON only with exactly this shape:
{
  ""interpretation"": ""..."",
  ""point_estimate"": <number>,
  ""quantiles"": {
    ""p05"": <number>,
    ""p25"": <number>,
    ""p50"": <number>,
    ""p75"": <number>,
    ""p95"": <number>
  },
  ""citations"": [""...""],
  ""reasoning_summary"": ""...""
}"
openai_chat_completions,gpt-5.4-mini,labor_supply.income_elasticity.prime_age,11,income-signfix,none,True,-0.08,"Intensive-margin annual-hours elasticity conditional on employment for prime-age U.S. workers: percent change in annual hours worked from a 1% increase in non-labor income, holding the net-of-tax wage fixed and excluding participation responses.",-0.2,0.03,0.9,"{""p05"": -0.2, ""p25"": -0.12, ""p50"": -0.08, ""p75"": -0.03, ""p95"": 0.03}","Blundell, MaCurdy, Meghir-style labor supply elasticity discussions | Saez, Slemrod, Giertz 2012 review of labor supply elasticities | Heim and Jones labor supply estimates","For employed prime-age workers, I expect a small negative income effect on hours: extra non-labor income modestly reduces hours, but the intensive-margin response is usually fairly inelastic and close to zero.",,"{""interpretation"":""Intensive-margin annual-hours elasticity conditional on employment for prime-age U.S. workers: percent change in annual hours worked from a 1% increase in non-labor income, holding the net-of-tax wage fixed and excluding participation responses."",""point_estimate"":-0.08,""quantiles"":{""p05"":-0.2,""p25"":-0.12,""p50"":-0.08,""p75"":-0.03,""p95"":0.03},""citations"":[""Blundell, MaCurdy, Meghir-style labor supply elasticity discussions"",""Saez, Slemrod, Giertz 2012 review of labor supply elasticities"",""Heim and Jones labor supply estimates""],""reasoning_summary"":""For employed prime-age workers, I expect a small negative income effect on hours: extra non-labor income modestly reduces hours, but the intensive-margin response is usually fairly inelastic and close to zero.""}","Answer from your current memory and background knowledge only.
Do not use tools, files, the web, code, or external resources.
Do not try to reconstruct a literature review or search for a consensus estimate.
Report the belief you currently endorse.

Quantity of interest:
- Name: Income elasticity of labor supply
- Definition: Percent change in annual hours worked from a 1 percent increase in non-labor income, holding the net-of-tax wage fixed and excluding participation responses.
- Target interpretation: Intensive-margin annual-hours elasticity conditional on employment
- Population/context: Prime-age workers in the United States who are already working
- Units: elasticity

Sign convention for this quantity:
- A positive elasticity means individuals work more when they have more resources.
- A negative elasticity means individuals work less when they have more resources.
- Under the definition above, if additional non-labor income reduces annual hours worked, the elasticity should be negative.

Task:
1. Use exactly the target interpretation above. In `interpretation`, restate it briefly.
2. Give your subjective quantiles p05, p25, p50, p75, and p95 for this quantity.
3. Set `point_estimate` equal to `p50`.
4. Make the quantiles weakly increasing and numerically coherent.
5. In `citations`, list up to 3 source anchors from memory that influenced your belief. These are recall anchors only. If none come to mind confidently, return `[]`.
6. Keep `reasoning_summary` brief and substantive.

Return valid JSON only with exactly this shape:
{
  ""interpretation"": ""..."",
  ""point_estimate"": <number>,
  ""quantiles"": {
    ""p05"": <number>,
    ""p25"": <number>,
    ""p50"": <number>,
    ""p75"": <number>,
    ""p95"": <number>
  },
  ""citations"": [""...""],
  ""reasoning_summary"": ""...""
}"
openai_chat_completions,gpt-5.4-mini,labor_supply.income_elasticity.prime_age,12,income-signfix,none,True,-0.06,"Intensive-margin annual-hours elasticity of already-working prime-age U.S. workers with respect to non-labor income, holding the net-of-tax wage fixed and excluding participation responses.",-0.2,0.05,0.9,"{""p05"": -0.2, ""p25"": -0.1, ""p50"": -0.06, ""p75"": -0.02, ""p95"": 0.05}","Blundell, MaCurdy, and Meghir-style labor supply discussions | Cesarini et al. on income effects and labor supply intuition | standard micro labor supply estimates for married men / prime-age workers","I expect a small negative income effect on hours for employed prime-age workers: higher non-labor income slightly lowers desired hours, but the intensive-margin response is usually modest and often near zero. Positive values seem possible for some individuals, so I allow a small right tail.",,"{""interpretation"":""Intensive-margin annual-hours elasticity of already-working prime-age U.S. workers with respect to non-labor income, holding the net-of-tax wage fixed and excluding participation responses."",""point_estimate"":-0.06,""quantiles"":{""p05"":-0.2,""p25"":-0.1,""p50"":-0.06,""p75"":-0.02,""p95"":0.05},""citations"":[""Blundell, MaCurdy, and Meghir-style labor supply discussions"",""Cesarini et al. on income effects and labor supply intuition"",""standard micro labor supply estimates for married men / prime-age workers""],""reasoning_summary"":""I expect a small negative income effect on hours for employed prime-age workers: higher non-labor income slightly lowers desired hours, but the intensive-margin response is usually modest and often near zero. Positive values seem possible for some individuals, so I allow a small right tail.""}","Answer from your current memory and background knowledge only.
Do not use tools, files, the web, code, or external resources.
Do not try to reconstruct a literature review or search for a consensus estimate.
Report the belief you currently endorse.

Quantity of interest:
- Name: Income elasticity of labor supply
- Definition: Percent change in annual hours worked from a 1 percent increase in non-labor income, holding the net-of-tax wage fixed and excluding participation responses.
- Target interpretation: Intensive-margin annual-hours elasticity conditional on employment
- Population/context: Prime-age workers in the United States who are already working
- Units: elasticity

Sign convention for this quantity:
- A positive elasticity means individuals work more when they have more resources.
- A negative elasticity means individuals work less when they have more resources.
- Under the definition above, if additional non-labor income reduces annual hours worked, the elasticity should be negative.

Task:
1. Use exactly the target interpretation above. In `interpretation`, restate it briefly.
2. Give your subjective quantiles p05, p25, p50, p75, and p95 for this quantity.
3. Set `point_estimate` equal to `p50`.
4. Make the quantiles weakly increasing and numerically coherent.
5. In `citations`, list up to 3 source anchors from memory that influenced your belief. These are recall anchors only. If none come to mind confidently, return `[]`.
6. Keep `reasoning_summary` brief and substantive.

Return valid JSON only with exactly this shape:
{
  ""interpretation"": ""..."",
  ""point_estimate"": <number>,
  ""quantiles"": {
    ""p05"": <number>,
    ""p25"": <number>,
    ""p50"": <number>,
    ""p75"": <number>,
    ""p95"": <number>
  },
  ""citations"": [""...""],
  ""reasoning_summary"": ""...""
}"
openai_chat_completions,gpt-5.4-mini,labor_supply.income_elasticity.prime_age,13,income-signfix,none,True,-0.08,"Intensive-margin annual-hours elasticity conditional on employment for prime-age U.S. workers: percent change in annual hours worked from a 1% increase in non-labor income, holding the net-of-tax wage fixed and excluding participation responses.",-0.25,0.02,0.9,"{""p05"": -0.25, ""p25"": -0.12, ""p50"": -0.08, ""p75"": -0.03, ""p95"": 0.02}","Hall (1980) life-cycle labor supply intuition | Blundell and MaCurdy (1999) labor supply review | Saez, Slemrod, and Giertz (2012) elasticity discussions","For prime-age employed workers, I expect a small negative intensive-margin response to non-labor income: hours fall modestly when wealth/resources rise, but the effect is usually limited once participation is held fixed and wages are unchanged.",,"{""interpretation"":""Intensive-margin annual-hours elasticity conditional on employment for prime-age U.S. workers: percent change in annual hours worked from a 1% increase in non-labor income, holding the net-of-tax wage fixed and excluding participation responses."",""point_estimate"":-0.08,""quantiles"":{""p05"":-0.25,""p25"":-0.12,""p50"":-0.08,""p75"":-0.03,""p95"":0.02},""citations"":[""Hall (1980) life-cycle labor supply intuition"",""Blundell and MaCurdy (1999) labor supply review"",""Saez, Slemrod, and Giertz (2012) elasticity discussions""],""reasoning_summary"":""For prime-age employed workers, I expect a small negative intensive-margin response to non-labor income: hours fall modestly when wealth/resources rise, but the effect is usually limited once participation is held fixed and wages are unchanged.""}","Answer from your current memory and background knowledge only.
Do not use tools, files, the web, code, or external resources.
Do not try to reconstruct a literature review or search for a consensus estimate.
Report the belief you currently endorse.

Quantity of interest:
- Name: Income elasticity of labor supply
- Definition: Percent change in annual hours worked from a 1 percent increase in non-labor income, holding the net-of-tax wage fixed and excluding participation responses.
- Target interpretation: Intensive-margin annual-hours elasticity conditional on employment
- Population/context: Prime-age workers in the United States who are already working
- Units: elasticity

Sign convention for this quantity:
- A positive elasticity means individuals work more when they have more resources.
- A negative elasticity means individuals work less when they have more resources.
- Under the definition above, if additional non-labor income reduces annual hours worked, the elasticity should be negative.

Task:
1. Use exactly the target interpretation above. In `interpretation`, restate it briefly.
2. Give your subjective quantiles p05, p25, p50, p75, and p95 for this quantity.
3. Set `point_estimate` equal to `p50`.
4. Make the quantiles weakly increasing and numerically coherent.
5. In `citations`, list up to 3 source anchors from memory that influenced your belief. These are recall anchors only. If none come to mind confidently, return `[]`.
6. Keep `reasoning_summary` brief and substantive.

Return valid JSON only with exactly this shape:
{
  ""interpretation"": ""..."",
  ""point_estimate"": <number>,
  ""quantiles"": {
    ""p05"": <number>,
    ""p25"": <number>,
    ""p50"": <number>,
    ""p75"": <number>,
    ""p95"": <number>
  },
  ""citations"": [""...""],
  ""reasoning_summary"": ""...""
}"
openai_chat_completions,gpt-5.4-mini,labor_supply.income_elasticity.prime_age,14,income-signfix,none,True,-0.07,"Intensive-margin annual-hours elasticity conditional on employment for prime-age U.S. workers already working, holding the net-of-tax wage fixed.",-0.2,0.02,0.9,"{""p05"": -0.2, ""p25"": -0.1, ""p50"": -0.07, ""p75"": -0.03, ""p95"": 0.02}","Blundell, MaCurdy, and Meghir-style labor supply elasticity discussions | Saez, Slemrod, and Giertz public finance labor supply intuition | standard micro labor supply models with weak income effects among employed prime-age workers","I expect a small negative income effect on hours for employed prime-age workers: higher non-labor income slightly reduces hours, but conditional on employment the response is usually modest, near zero, and occasionally close to positive zero due to heterogeneity and measurement noise.",,"{""interpretation"":""Intensive-margin annual-hours elasticity conditional on employment for prime-age U.S. workers already working, holding the net-of-tax wage fixed."",""point_estimate"":-0.07,""quantiles"":{""p05"":-0.2,""p25"":-0.1,""p50"":-0.07,""p75"":-0.03,""p95"":0.02},""citations"":[""Blundell, MaCurdy, and Meghir-style labor supply elasticity discussions"",""Saez, Slemrod, and Giertz public finance labor supply intuition"",""standard micro labor supply models with weak income effects among employed prime-age workers""],""reasoning_summary"":""I expect a small negative income effect on hours for employed prime-age workers: higher non-labor income slightly reduces hours, but conditional on employment the response is usually modest, near zero, and occasionally close to positive zero due to heterogeneity and measurement noise.""}","Answer from your current memory and background knowledge only.
Do not use tools, files, the web, code, or external resources.
Do not try to reconstruct a literature review or search for a consensus estimate.
Report the belief you currently endorse.

Quantity of interest:
- Name: Income elasticity of labor supply
- Definition: Percent change in annual hours worked from a 1 percent increase in non-labor income, holding the net-of-tax wage fixed and excluding participation responses.
- Target interpretation: Intensive-margin annual-hours elasticity conditional on employment
- Population/context: Prime-age workers in the United States who are already working
- Units: elasticity

Sign convention for this quantity:
- A positive elasticity means individuals work more when they have more resources.
- A negative elasticity means individuals work less when they have more resources.
- Under the definition above, if additional non-labor income reduces annual hours worked, the elasticity should be negative.

Task:
1. Use exactly the target interpretation above. In `interpretation`, restate it briefly.
2. Give your subjective quantiles p05, p25, p50, p75, and p95 for this quantity.
3. Set `point_estimate` equal to `p50`.
4. Make the quantiles weakly increasing and numerically coherent.
5. In `citations`, list up to 3 source anchors from memory that influenced your belief. These are recall anchors only. If none come to mind confidently, return `[]`.
6. Keep `reasoning_summary` brief and substantive.

Return valid JSON only with exactly this shape:
{
  ""interpretation"": ""..."",
  ""point_estimate"": <number>,
  ""quantiles"": {
    ""p05"": <number>,
    ""p25"": <number>,
    ""p50"": <number>,
    ""p75"": <number>,
    ""p95"": <number>
  },
  ""citations"": [""...""],
  ""reasoning_summary"": ""...""
}"
openai_chat_completions,gpt-5.4-mini,labor_supply.income_elasticity.prime_age,15,income-signfix,none,True,-0.08,"Intensive-margin annual-hours elasticity conditional on employment for prime-age U.S. workers: percent change in annual hours worked from a 1% increase in non-labor income, holding the net-of-tax wage fixed and excluding participation responses.",-0.25,0.05,0.9,"{""p05"": -0.25, ""p25"": -0.12, ""p50"": -0.08, ""p75"": -0.03, ""p95"": 0.05}","Mroz (1987) married women labor supply elasticity framing | Blundell & MaCurdy (1999) labor supply survey | Chetty, Guren, Manoli & Weber (2011) intensive-margin labor supply responses","For already-employed prime-age workers, I expect a small negative intensive-margin income effect: extra non-labor income slightly reduces hours, but the effect is modest because many workers have limited scope or desire to adjust hours. My median is close to zero with moderate uncertainty, allowing for near-zero or mildly positive values.",,"{""interpretation"":""Intensive-margin annual-hours elasticity conditional on employment for prime-age U.S. workers: percent change in annual hours worked from a 1% increase in non-labor income, holding the net-of-tax wage fixed and excluding participation responses."",""point_estimate"":-0.08,""quantiles"":{""p05"":-0.25,""p25"":-0.12,""p50"":-0.08,""p75"":-0.03,""p95"":0.05},""citations"":[""Mroz (1987) married women labor supply elasticity framing"",""Blundell & MaCurdy (1999) labor supply survey"",""Chetty, Guren, Manoli & Weber (2011) intensive-margin labor supply responses""],""reasoning_summary"":""For already-employed prime-age workers, I expect a small negative intensive-margin income effect: extra non-labor income slightly reduces hours, but the effect is modest because many workers have limited scope or desire to adjust hours. My median is close to zero with moderate uncertainty, allowing for near-zero or mildly positive values.""}","Answer from your current memory and background knowledge only.
Do not use tools, files, the web, code, or external resources.
Do not try to reconstruct a literature review or search for a consensus estimate.
Report the belief you currently endorse.

Quantity of interest:
- Name: Income elasticity of labor supply
- Definition: Percent change in annual hours worked from a 1 percent increase in non-labor income, holding the net-of-tax wage fixed and excluding participation responses.
- Target interpretation: Intensive-margin annual-hours elasticity conditional on employment
- Population/context: Prime-age workers in the United States who are already working
- Units: elasticity

Sign convention for this quantity:
- A positive elasticity means individuals work more when they have more resources.
- A negative elasticity means individuals work less when they have more resources.
- Under the definition above, if additional non-labor income reduces annual hours worked, the elasticity should be negative.

Task:
1. Use exactly the target interpretation above. In `interpretation`, restate it briefly.
2. Give your subjective quantiles p05, p25, p50, p75, and p95 for this quantity.
3. Set `point_estimate` equal to `p50`.
4. Make the quantiles weakly increasing and numerically coherent.
5. In `citations`, list up to 3 source anchors from memory that influenced your belief. These are recall anchors only. If none come to mind confidently, return `[]`.
6. Keep `reasoning_summary` brief and substantive.

Return valid JSON only with exactly this shape:
{
  ""interpretation"": ""..."",
  ""point_estimate"": <number>,
  ""quantiles"": {
    ""p05"": <number>,
    ""p25"": <number>,
    ""p50"": <number>,
    ""p75"": <number>,
    ""p95"": <number>
  },
  ""citations"": [""...""],
  ""reasoning_summary"": ""...""
}"
